Workbook

Sheet 優先順位サマリ
A1: 青森市 候補地 接続検討 優先順位（クラスタ単位）
A2: 出典：WHERE_3.csv（2026/9/3取得）＋東北電力ネットワーク公表の系統情報（2026/7/3時点、蓄電所ネット経由で2026/8/16取得）
A3: 総合点＝各評価点×ウェイト（ウェイトは『評価基準』シートの黄色セルで変更可）。5点満点・点が高いほど優先。
A5: 優先 | B5: 区分 | C5: エリア（大字・字） | D5: 対象筆数 | E5: 合計面積(㎡) | F5: 連系先変電所 | G5: 空き容量(MW) | H5: 概算設置規模(MW) | I5: 系統近接性 | J5: 用地規模 | K5: 権利関係の単純さ | L5: 造成・現況 | M5: 近隣・規制リスク | N5: 総合点 | O5: 所見・留意点
A6: 1 | B6: A | C6: 岡町字松本・藤戸 | D6: 3 | E6: 6635.8 | F6: 岡町 | G6: 13 | H6: =ROUND(E6*評価基準!$B$16/評価基準!$B$17,1) | I6: 4 | J6: 4 | K6: 3 | L6: 4 | M6: 4 | N6: =ROUND(SUMPRODUCT(I6:M6,評価基準!$B$8:$B$12),2) | O6: 中核の2169318は3,133㎡の空き地・単独所有。隣接農地2筆で最大6,636㎡まで拡張可。まずここで接続検討を推奨。
A7: 2 | B7: B | C7: 横内字桜峰 | D7: 1 | E7: 4477.7 | F7: 新町野 | G7: 19 | H7: =ROUND(E7*評価基準!$B$16/評価基準!$B$17,1) | I7: 4 | J7: 3 | K7: 3 | L7: 4 | M7: 5 | N7: =ROUND(SUMPRODUCT(I7:M7,評価基準!$B$8:$B$12),2) | O7: 青森市有地。空き地・民家30m以上離隔・傾斜部以外で700㎡確保可。権利関係は明快だが公有財産の払下/貸付手続きに時間。
A8: 3 | B8: C | C8: 大野字前田 | D8: 1 | E8: 4004.9 | F8: 新町野 | G8: 19 | H8: =ROUND(E8*評価基準!$B$16/評価基準!$B$17,1) | I8: 4 | J8: 3 | K8: 4 | L8: 5 | M8: 2 | N8: =ROUND(SUMPRODUCT(I8:M8,評価基準!$B$8:$B$12),2) | O8: 法人単独所有の空き地4,005㎡で造成容易。ただし第二種住居地域＋公示47,600円/㎡で用地費・近隣対応が重い。
A9: 4 | B9: D | C9: 新城字天田内(東) | D9: 2 | E9: 2620.2 | F9: 岡町 | G9: 13 | H9: =ROUND(E9*評価基準!$B$16/評価基準!$B$17,1) | I9: 4 | J9: 2 | K9: 5 | L9: 3 | M9: 4 | N9: =ROUND(SUMPRODUCT(I9:M9,評価基準!$B$8:$B$12),2) | O9: 2169315に『売物件の看板あり』＝売却意思が明確で取得確度は最高。ただし2筆で2,620㎡と小規模。
A10: 5 | B10: E | C10: 大野字玉島 | D10: 1 | E10: 3370.4 | F10: 浦町 | G10: 23 | H10: =ROUND(E10*評価基準!$B$16/評価基準!$B$17,1) | I10: 4 | J10: 3 | K10: 4 | L10: 3 | M10: 2 | N10: =ROUND(SUMPRODUCT(I10:M10,評価基準!$B$8:$B$12),2) | O10: 個人単独所有の農地。浦町変電所は空容量23MWで最大。第二種住居地域・地価高が難点。Cと約490m。
A11: 6 | B11: F | C11: 幸畑字谷脇 | D11: 2 | E11: 4581.3 | F11: 新町野 | G11: 19 | H11: =ROUND(E11*評価基準!$B$16/評価基準!$B$17,1) | I11: 4 | J11: 3 | K11: 2 | L11: 3 | M11: 4 | N11: =ROUND(SUMPRODUCT(I11:M11,評価基準!$B$8:$B$12),2) | O11: 2筆50m圏で4,581㎡。2169324は共有2名(2/5・3/5)で1名が仙台在住。農地転用必要。
A12: 7 | B12: G | C12: 駒込字蛍沢 | D12: 1 | E12: 1738.4 | F12: 新町野 | G12: 19 | H12: =ROUND(E12*評価基準!$B$16/評価基準!$B$17,1) | I12: 4 | J12: 1 | K12: 4 | L12: 3 | M12: 4 | N12: =ROUND(SUMPRODUCT(I12:M12,評価基準!$B$8:$B$12),2) | O12: 単独所有・離隔OKだが1,738㎡と小さく単独案件化しにくい。
A13: 8 | B13: H | C13: 羽白字野木和 | D13: 3 | E13: 5532 | F13: 岡町 | G13: 13 | H13: =ROUND(E13*評価基準!$B$16/評価基準!$B$17,1) | I13: 4 | J13: 3 | K13: 3 | L13: 3 | M13: 1 | N13: =ROUND(SUMPRODUCT(I13:M13,評価基準!$B$8:$B$12),2) | O13: 3筆61m圏で5,532㎡だが、30m以内に幼稚園・老人ホーム。住民説明・消防協議の負担が大きく初弾には不向き。
A14: 9 | B14: I | C14: 新城字天田内(西) | D14: 3 | E14: 15787.5 | F14: 岡町(3km超) | G14: 13 | H14: =ROUND(E14*評価基準!$B$16/評価基準!$B$17,1) | I14: 2 | J14: 5 | K14: 2 | L14: 2 | M14: 3 | N14: =ROUND(SUMPRODUCT(I14:M14,評価基準!$B$8:$B$12),2) | O14: ★規模狙いの別枠。15,787㎡はリスト最大で大容量化が可能。ただし変電所3km超で工事費負担金が重く、2筆が山林(林地開発)＋市有地、1筆は共有2名。
A15: 10 | B15: J | C15: 新城字山田 | D15: 1 | E15: 2711.9 | F15: 岡町 | G15: 13 | H15: =ROUND(E15*評価基準!$B$16/評価基準!$B$17,1) | I15: 4 | J15: 2 | K15: 1 | L15: 3 | M15: 3 | N15: =ROUND(SUMPRODUCT(I15:M15,評価基準!$B$8:$B$12),2) | O15: 所有者名義が『建設省』＝旧名義の国有地。処分手続きが長期化するため後回し。
A16: 11 | B16: K | C16: 雲谷字山吹 | D16: 2 | E16: 5715.4 | F16: 新町野 | G16: 19 | H16: =ROUND(E16*評価基準!$B$16/評価基準!$B$17,1) | I16: 3 | J16: 3 | K16: 3 | L16: 1 | M16: 2 | N16: =ROUND(SUMPRODUCT(I16:M16,評価基準!$B$8:$B$12),2) | O16: 2筆で5,715㎡だが山林・傾斜。八甲田側で自然公園・保安林の該当可能性を要確認。
C17: 合計 | D17: =SUM(D6:D16) | E17: =SUM(E6:E16)

Sheet 筆別一覧
A1: 候補地 筆別一覧（管理番号ベース20件）
A3: 区分 | B3: 優先 | C3: 管理番号 | D3: 地番 | E3: 面積(㎡) | F3: 用途地域 | G3: 現況(タグ) | H3: 連系先変電所 | I3: 所有者 | J3: 持分 | K3: 所有者住所 | L3: 公示価格 | M3: 浸水想定 | N3: 緯度 | O3: 経度 | P3: 詳細URL
A4: A | B4: 1 | C4: 2169318 | D4: 青森県青森市大字岡町字藤戸１１－１ | E4: 3133.31 | F4: 不明/データなし | G4: 岡町変電所 空き地 | H4: 岡町 | I4: 加賀谷陽子 | J4: 単独 | L4: 9,700円/㎡ | M4: 該当なし | N4: 40.844007 | O4: 140.68761 | P4: https://pnt-where.com/ja/list/land?id=2169318
A5: A | B5: 1 | C5: 2169316 | D5: 青森県青森市大字岡町字松本８０－８ | E5: 1673.3 | F5: 不明/データなし | G5: 岡町変電所 農地 | H5: 岡町 | I5: 柿崎元子 / 松本優子 | J5: 2分の1 / 2分の1 | L5: 9,700円/㎡ | M5: 該当なし | N5: 40.843261 | O5: 140.6882 | P5: https://pnt-where.com/ja/list/land?id=2169316
A6: A | B6: 1 | C6: 2169317 | D6: 青森県青森市大字岡町字松本７７－７ | E6: 1829.2 | F6: 不明/データなし | G6: 岡町変電所 農地 柵あり | H6: 岡町 | I6: 柿崎元子 / 松本優子 | J6: 2分の1 / 2分の1 | L6: 9,700円/㎡ | M6: 該当なし | N6: 40.842825 | O6: 140.68867 | P6: https://pnt-where.com/ja/list/land?id=2169317
A7: B | B7: 2 | C7: 2169323 | D7: 青森県青森市大字横内字桜峰１２２－２７０ | E7: 4477.71 | F7: 不明/データなし | G7: 新町野変電所 空き地 民家から30m以上離れて700㎡確保可能 傾斜部以外で700㎡確保可能 | H7: 新町野 | I7: 青森市 | J7: 単独 | L7: 16,600円/㎡ | M7: 該当なし | N7: 40.770889 | O7: 140.76516 | P7: https://pnt-where.com/ja/list/land?id=2169323
A8: C | B8: 3 | C8: 2169320 | D8: 青森県青森市大字大野字前田２１－２ | E8: 4004.91 | F8: 第二種住居地域 | G8: 新町野変電所 空き地 柵あり 民家から30m以上離れて700㎡確保可能 | H8: 新町野 | I8: 社会福祉法人桐紫会 | J8: 単独 | L8: 47,600円/㎡ | M8: 該当なし | N8: 40.797581 | O8: 140.73768 | P8: https://pnt-where.com/ja/list/land?id=2169320
A9: D | B9: 4 | C9: 2169315 | D9: 青森県青森市大字新城字天田内１９－１９２ | E9: 1619.35 | F9: 不明/データなし | G9: 岡町変電所 農地 売物件の看板あり | H9: 岡町 | I9: 市川光忠 | J9: 単独 | L9: 6,600円/㎡ | M9: 該当なし | N9: 40.838958 | O9: 140.65189 | P9: https://pnt-where.com/ja/list/land?id=2169315
A10: D | B10: 4 | C10: 2169311 | D10: 青森県青森市大字新城字天田内１９－１２２ | E10: 1000.87 | F10: 不明/データなし | G10: 岡町変電所 農地 | H10: 岡町 | I10: 竹内まめ | J10: 単独 | L10: データなし | M10: 該当なし | N10: 40.839014 | O10: 140.65274 | P10: https://pnt-where.com/ja/list/land?id=2169311
A11: E | B11: 5 | C11: 2169307 | D11: 青森県青森市大字大野字玉島２８－１ | E11: 3370.41 | F11: 第二種住居地域 | G11: 浦町変電所 農地 柵あり | H11: 浦町 | I11: 櫻田梅子 | J11: 単独 | L11: 47,600円/㎡ | M11: 該当なし | N11: 40.797873 | O11: 140.73191 | P11: https://pnt-where.com/ja/list/land?id=2169307
A12: F | B12: 6 | C12: 2169324 | D12: 青森県青森市大字幸畑字谷脇１７２－１ | E12: 3543.23 | F12: 不明/データなし | G12: 新町野変電所 農地 柵あり 民家から30m以上離れて700㎡確保可能 | H12: 新町野 | I12: 秋元一子 / 小泉幸政 | J12: 5分の2 / 5分の3 | L12: 12,600円/㎡ | M12: 該当なし | N12: 40.793525 | O12: 140.79135 | P12: https://pnt-where.com/ja/list/land?id=2169324
A13: F | B13: 6 | C13: 2169325 | D13: 青森県青森市大字幸畑字谷脇１９９－１ | E13: 1038.08 | F13: 不明/データなし | G13: 新町野変電所 農地 柵あり | H13: 新町野 | I13: 佐々木康晴 | J13: 単独 | L13: 12,600円/㎡ | M13: 該当なし | N13: 40.793716 | O13: 140.7919 | P13: https://pnt-where.com/ja/list/land?id=2169325
A14: G | B14: 7 | C14: 2169326 | D14: 青森県青森市大字駒込字蛍沢２６３－２ | E14: 1738.43 | F14: 不明/データなし | G14: 新町野変電所 農地 民家から30m以上離れて700㎡確保可能 | H14: 新町野 | I14: 木村きぬ気 | J14: 単独 | L14: 12,600円/㎡ | M14: 該当なし | N14: 40.799353 | O14: 140.79532 | P14: https://pnt-where.com/ja/list/land?id=2169326
A15: H | B15: 8 | C15: 2169308 | D15: 青森県青森市大字羽白字野木和４２－１ | E15: 886.93 | F15: 不明/データなし | G15: 岡町変電所 農地 30m以内に老人ホームあり | H15: 岡町 | I15: 成田精一 | J15: 単独 | L15: 9,700円/㎡ | M15: 該当なし | N15: 40.846455 | O15: 140.67896 | P15: https://pnt-where.com/ja/list/land?id=2169308
... A23: K | B23: 11 | C23: 2169322 | D23: 青森県青森市大字雲谷字山吹１００－１ | E23: 3167.14 | F23: 不明/データなし | G23: 新町野変電所 山林 | H23: 新町野 | I23: 鹿内啓太 | J23: 単独 | L23: データなし | M23: 該当なし | N23: 40.75016 | O23: 140.77787 | P23: https://pnt-where.com/ja/list/land?id=2169322
D24: 合計 | E24: =SUM(E4:E23)

Sheet 系統空き容量
A1: 連系先候補 変電所の系統空き容量
A2: ※東北電力ネットワーク公表情報（2026/7/3時点）を第三者サイト『蓄電所ネット』が転載したもの（2026/8/16取得）。正式には東北電力ネットワークの『系統の予想潮流等に関する情報』および事前相談で必ず確認すること。
A5: 変電所 | B5: 電圧(一次/二次) | C5: 設備容量(MW) | D5: 運用容量(MW) | E5: 空き容量(MW) | F5: ノンファーム型接続 | G5: N-1電制 | H5: 留意点 | I5: 参照URL
A6: 浦町 | B6: 66kV / 6.6kV | C6: 非公表 | D6: 非公表 | E6: 23 | F6: 対象外 | G6: 不可 | H6: 平常時出力制御の可能性あり。上位系統（フェンス№1・№2等）が制御対象。制約要因は熱容量。 | I6: https://bess-net.jp/grid/thk-aomori-1b0001
A7: 新町野 | B7: 66kV / 6.6kV | C7: 非公表 | D7: 非公表 | E7: 19 | F7: 対象外 | G7: 不可 | H7: 平常時出力制御の可能性あり。上位系統設備による出力制御対象が複数指定。 | I7: https://bess-net.jp/grid/thk-aomori-1112
A8: 岡町 | B8: 66kV / 6.6kV | C8: 52 | D8: 52 | E8: 13 | F8: 対象外 | G8: 不可 | H8: 平常時出力制御の可能性あり。制約要因は熱容量。 | I8: https://bess-net.jp/grid/thk-aomori-1107
A10: 参考：東北電力ネットワーク 系統の予想潮流等に関する情報 | B10: https://nw.tohoku-epco.co.jp/consignment/system/announcement/
A11: 参考：系統図の閲覧・事前相談・接続検討（有料） | B11: https://nw.tohoku-epco.co.jp/consignment/procedures/

Sheet 評価基準
A1: 評価基準・前提条件（黄色セルは変更可）
A3: ■ 評価ウェイト（合計が1.00になるように調整してください）
A5: 評価軸 | B5: ウェイト | C5: 考え方
A8: 系統近接性 | B8: 0.25 | C8: 連系先変電所までの距離（タグの3km圏内/圏外）と当該変電所の空き容量
A9: 用地規模 | B9: 0.25 | C9: クラスタ合計面積。まとまった面積ほど大容量化・増設余地あり
A10: 権利関係の単純さ | B10: 0.2 | C10: 所有者数・共有持分・国公有地か否か・売却意思の有無
A11: 造成・現況 | B11: 0.15 | C11: 空き地＞農地（農転要）＞山林（林地開発・伐採・傾斜）
A12: 近隣・規制リスク | B12: 0.15 | C12: 30m以内の要保護施設、住居系用途地域、自然公園・保安林・浸水等
A13: 合計 | B13: =SUM(B8:B12)
A15: ■ 概算設置規模の試算前提
A16: 有効利用率（造成後に機器配置に使える割合） | B16: 0.5
A17: 1MWあたり所要面積（㎡/MW） | B17: 600
A18: ※上記2つは社内標準値に置き換えてください。サマリの『概算設置規模』はこの2値から自動計算されます。
A20: ■ 評価点の付け方（1〜5点、5が最良）
A22: 5点 | B22: 変電所至近かつ空き容量に余裕／1万㎡超／単独所有＋売却意思／整地済の空き地／支障要因なし
A23: 4点 | B23: 3km圏内／5,000㎡前後／単独所有／空き地または平坦な農地／離隔確保済
A24: 3点 | B24: 3km圏内だが空き容量が小さい／3,000㎡前後／共有2名程度／農地転用が必要／軽微な確認事項
A25: 2点 | B25: 3km超で工事費増／2,000㎡台／共有多数・県外地権者／山林や傾斜地／住居系用途地域・地価高
A26: 1点 | B26: 連系困難／1,500㎡以下／国公有地で処分手続きが長期／急傾斜・大規模造成／要保護施設が近接
A29: ■ 接続検討の前に必ず潰す前提
A31: 1. 東北電力ネットワークへ『事前相談（無料）』を出し、連系点・電圧階級・概算工事費の当たりを取る。接続検討（有料）はその後。
A32: 2. 本シートの空き容量は第三者サイト経由の転載値（2026/7/3時点）。申込前に公式の最新値を確認すること。
A33: 3. 3変電所とも『平常時出力制御の可能性あり』＝出力制御リスクを事業性に織り込む必要あり。
A34: 4. 農地の筆は農振農用地区域（青地）か否かで可否と期間が大きく変わる。青森市農業委員会・農林水産部に要確認。
A35: 5. 共有地（2169312／2169316・2169317／2169324）は共有者全員の同意が前提。
A36: 6. 山林の筆（2169313／2169314／2169321／2169322）は林地開発許可・保安林・自然公園の該当確認が必要。
