Workbook

Sheet スコアリング
A1: 全国変電所スコアリング（高圧2MW BESS） 黄色=ランクS/A ／ 橙=ゲート該当（上位系0かつN-1不可の警告。ランクは通常算出）
A2: No. | B2: エリア | C2: 変電所名 | D2: 都道府県 | E2: 最大電圧kV | F2: 二次電圧kV | G2: 緯度 | H2: 経度 | I2: 座標精度 | J2: 設備容量MW | K2: 運用容量MW | L2: 予想潮流MW | M2: 空容量_当該MW | N2: 空容量_上位系MW | O2: N-1電制 | P2: 出力制御 | Q2: 所在地(参考) | R2: ゲート | S2: S1空容量(35) | T2: S2 N-1(10) | U2: S3潮流(15) | V2: S4出制(5) | W2: S5配変(10) | X2: S6エリア(5) | Y2: 系統スコア(80) | Z2: ランク | AA2: 実績メモ
A3: 1 | B3: 北海道 | C3: 今別変換所 | D3: 青森県 | E3: 275 | G3: 41.133403 | H3: 140.5138 | I3: OSM実測 | R3: =IF(COUNT($M3:$N3)=0,"",IF(AND(IF($N3<>"",$N3,$M3)<=0,$O3<>"可"),"警告","")) | S3: =IF(COUNT($M3:$N3)=0,0,IF(IF($N3<>"",$N3,$M3)>=スコアリング基準!$B$20,スコアリング基準!$C$20,IF(IF($N3<>"",$N3,$M3)>=スコアリング基準!$B$21,スコアリング基準!$C$21,IF(IF($N3<>"",$N3,$M3)>0,スコアリング基準!$C$22,0)))) | T3: =IF($O3="可",スコアリング基準!$C$23,0) | U3: =IF(OR(COUNT($K3:$L3)<2,$K3=0),0,IF(ABS($L3)/$K3<=スコアリング基準!$B$24,スコアリング基準!$C$24,IF(ABS($L3)/$K3<=スコアリング基準!$B$25,スコアリング基準!$C$25,IF(ABS($L3)/$K3<=スコアリング基準!$B$26,スコアリング基準!$C$26,0)))) | V3: =IF($P3="なし",スコアリング基準!$C$27,0) | W3: =IF($F3="",0,IF(ISNUMBER($F3),IF($F3<=スコアリング基準!$B$28,スコアリング基準!$C$28,スコアリング基準!$C$29),0)) | X3: =IFERROR(VLOOKUP($B3,スコアリング基準!$A$36:$B$46,2,FALSE),0) | Y3: =SUM($S3:$X3) | Z3: =IF(COUNT($M3:$N3)=0,"データ無",IF($Y3>=スコアリング基準!$B$30,"S",IF($Y3>=スコアリング基準!$B$31,"A",IF($Y3>=スコアリング基準!$B$32,"B","C")))) | AA3: =IFERROR(INDEX(実績DB!$I$3:$I$104,MATCH($B3&$C3,実績DB!$J$3:$J$104,0)),"")
A4: 2 | B4: 北海道 | C4: 北斗変換所 | D4: 北海道 | E4: 275 | G4: 41.916295 | H4: 140.58525 | I4: OSM実測 | R4: =IF(COUNT($M4:$N4)=0,"",IF(AND(IF($N4<>"",$N4,$M4)<=0,$O4<>"可"),"警告","")) | S4: =IF(COUNT($M4:$N4)=0,0,IF(IF($N4<>"",$N4,$M4)>=スコアリング基準!$B$20,スコアリング基準!$C$20,IF(IF($N4<>"",$N4,$M4)>=スコアリング基準!$B$21,スコアリング基準!$C$21,IF(IF($N4<>"",$N4,$M4)>0,スコアリング基準!$C$22,0)))) | T4: =IF($O4="可",スコアリング基準!$C$23,0) | U4: =IF(OR(COUNT($K4:$L4)<2,$K4=0),0,IF(ABS($L4)/$K4<=スコアリング基準!$B$24,スコアリング基準!$C$24,IF(ABS($L4)/$K4<=スコアリング基準!$B$25,スコアリング基準!$C$25,IF(ABS($L4)/$K4<=スコアリング基準!$B$26,スコアリング基準!$C$26,0)))) | V4: =IF($P4="なし",スコアリング基準!$C$27,0) | W4: =IF($F4="",0,IF(ISNUMBER($F4),IF($F4<=スコアリング基準!$B$28,スコアリング基準!$C$28,スコアリング基準!$C$29),0)) | X4: =IFERROR(VLOOKUP($B4,スコアリング基準!$A$36:$B$46,2,FALSE),0) | Y4: =SUM($S4:$X4) | Z4: =IF(COUNT($M4:$N4)=0,"データ無",IF($Y4>=スコアリング基準!$B$30,"S",IF($Y4>=スコアリング基準!$B$31,"A",IF($Y4>=スコアリング基準!$B$32,"B","C")))) | AA4: =IFERROR(INDEX(実績DB!$I$3:$I$104,MATCH($B4&$C4,実績DB!$J$3:$J$104,0)),"")
A5: 3 | B5: 北海道 | C5: 北新得変電所 | D5: 北海道 | E5: 275 | F5: 187 | G5: 43.164147 | H5: 142.90436 | I5: OSM実測 | J5: 900 | K5: 450 | L5: -503 | O5: 不可 #1 | P5: 有り | Q5: 北海道新得町 | R5: =IF(COUNT($M5:$N5)=0,"",IF(AND(IF($N5<>"",$N5,$M5)<=0,$O5<>"可"),"警告","")) | S5: =IF(COUNT($M5:$N5)=0,0,IF(IF($N5<>"",$N5,$M5)>=スコアリング基準!$B$20,スコアリング基準!$C$20,IF(IF($N5<>"",$N5,$M5)>=スコアリング基準!$B$21,スコアリング基準!$C$21,IF(IF($N5<>"",$N5,$M5)>0,スコアリング基準!$C$22,0)))) | T5: =IF($O5="可",スコアリング基準!$C$23,0) | U5: =IF(OR(COUNT($K5:$L5)<2,$K5=0),0,IF(ABS($L5)/$K5<=スコアリング基準!$B$24,スコアリング基準!$C$24,IF(ABS($L5)/$K5<=スコアリング基準!$B$25,スコアリング基準!$C$25,IF(ABS($L5)/$K5<=スコアリング基準!$B$26,スコアリング基準!$C$26,0)))) | V5: =IF($P5="なし",スコアリング基準!$C$27,0) | W5: =IF($F5="",0,IF(ISNUMBER($F5),IF($F5<=スコアリング基準!$B$28,スコアリング基準!$C$28,スコアリング基準!$C$29),0)) | X5: =IFERROR(VLOOKUP($B5,スコアリング基準!$A$36:$B$46,2,FALSE),0) | Y5: =SUM($S5:$X5) | Z5: =IF(COUNT($M5:$N5)=0,"データ無",IF($Y5>=スコアリング基準!$B$30,"S",IF($Y5>=スコアリング基準!$B$31,"A",IF($Y5>=スコアリング基準!$B$32,"B","C")))) | AA5: =IFERROR(INDEX(実績DB!$I$3:$I$104,MATCH($B5&$C5,実績DB!$J$3:$J$104,0)),"")
A6: 4 | B6: 北海道 | C6: 北海道電力(株) 大野変電所 | D6: 北海道 | E6: 275 | G6: 41.888382 | H6: 140.60735 | I6: OSM実測 | J6: 900 | K6: 450 | L6: -536 | O6: 不可 #1 | P6: 有り | R6: =IF(COUNT($M6:$N6)=0,"",IF(AND(IF($N6<>"",$N6,$M6)<=0,$O6<>"可"),"警告","")) | S6: =IF(COUNT($M6:$N6)=0,0,IF(IF($N6<>"",$N6,$M6)>=スコアリング基準!$B$20,スコアリング基準!$C$20,IF(IF($N6<>"",$N6,$M6)>=スコアリング基準!$B$21,スコアリング基準!$C$21,IF(IF($N6<>"",$N6,$M6)>0,スコアリング基準!$C$22,0)))) | T6: =IF($O6="可",スコアリング基準!$C$23,0) | U6: =IF(OR(COUNT($K6:$L6)<2,$K6=0),0,IF(ABS($L6)/$K6<=スコアリング基準!$B$24,スコアリング基準!$C$24,IF(ABS($L6)/$K6<=スコアリング基準!$B$25,スコアリング基準!$C$25,IF(ABS($L6)/$K6<=スコアリング基準!$B$26,スコアリング基準!$C$26,0)))) | V6: =IF($P6="なし",スコアリング基準!$C$27,0) | W6: =IF($F6="",0,IF(ISNUMBER($F6),IF($F6<=スコアリング基準!$B$28,スコアリング基準!$C$28,スコアリング基準!$C$29),0)) | X6: =IFERROR(VLOOKUP($B6,スコアリング基準!$A$36:$B$46,2,FALSE),0) | Y6: =SUM($S6:$X6) | Z6: =IF(COUNT($M6:$N6)=0,"データ無",IF($Y6>=スコアリング基準!$B$30,"S",IF($Y6>=スコアリング基準!$B$31,"A",IF($Y6>=スコアリング基準!$B$32,"B","C")))) | AA6: =IFERROR(INDEX(実績DB!$I$3:$I$104,MATCH($B6&$C6,実績DB!$J$3:$J$104,0)),"")
A7: 5 | B7: 北海道 | C7: 南早来変電所① | D7: 北海道 | E7: 275 | F7: 187 | G7: 42.714326 | H7: 141.78053 | I7: OSM実測(名称一致) | J7: 1200 | K7: 600 | L7: 638 | O7: 不可 #1 | P7: 有り | Q7: 北海道安平町 | R7: =IF(COUNT($M7:$N7)=0,"",IF(AND(IF($N7<>"",$N7,$M7)<=0,$O7<>"可"),"警告","")) | S7: =IF(COUNT($M7:$N7)=0,0,IF(IF($N7<>"",$N7,$M7)>=スコアリング基準!$B$20,スコアリング基準!$C$20,IF(IF($N7<>"",$N7,$M7)>=スコアリング基準!$B$21,スコアリング基準!$C$21,IF(IF($N7<>"",$N7,$M7)>0,スコアリング基準!$C$22,0)))) | T7: =IF($O7="可",スコアリング基準!$C$23,0) | U7: =IF(OR(COUNT($K7:$L7)<2,$K7=0),0,IF(ABS($L7)/$K7<=スコアリング基準!$B$24,スコアリング基準!$C$24,IF(ABS($L7)/$K7<=スコアリング基準!$B$25,スコアリング基準!$C$25,IF(ABS($L7)/$K7<=スコアリング基準!$B$26,スコアリング基準!$C$26,0)))) | V7: =IF($P7="なし",スコアリング基準!$C$27,0) | W7: =IF($F7="",0,IF(ISNUMBER($F7),IF($F7<=スコアリング基準!$B$28,スコアリング基準!$C$28,スコアリング基準!$C$29),0)) | X7: =IFERROR(VLOOKUP($B7,スコアリング基準!$A$36:$B$46,2,FALSE),0) | Y7: =SUM($S7:$X7) | Z7: =IF(COUNT($M7:$N7)=0,"データ無",IF($Y7>=スコアリング基準!$B$30,"S",IF($Y7>=スコアリング基準!$B$31,"A",IF($Y7>=スコアリング基準!$B$32,"B","C")))) | AA7: =IFERROR(INDEX(実績DB!$I$3:$I$104,MATCH($B7&$C7,実績DB!$J$3:$J$104,0)),"")
A8: 6 | B8: 北海道 | C8: 大野変電所① | D8: 北海道 | E8: 275 | F8: 187 | G8: 41.888382 | H8: 140.60735 | I8: OSM実測(名称一致) | J8: 900 | K8: 450 | L8: -536 | O8: 不可 #1 | P8: 有り | Q8: 北海道北斗市 | R8: =IF(COUNT($M8:$N8)=0,"",IF(AND(IF($N8<>"",$N8,$M8)<=0,$O8<>"可"),"警告","")) | S8: =IF(COUNT($M8:$N8)=0,0,IF(IF($N8<>"",$N8,$M8)>=スコアリング基準!$B$20,スコアリング基準!$C$20,IF(IF($N8<>"",$N8,$M8)>=スコアリング基準!$B$21,スコアリング基準!$C$21,IF(IF($N8<>"",$N8,$M8)>0,スコアリング基準!$C$22,0)))) | T8: =IF($O8="可",スコアリング基準!$C$23,0) | U8: =IF(OR(COUNT($K8:$L8)<2,$K8=0),0,IF(ABS($L8)/$K8<=スコアリング基準!$B$24,スコアリング基準!$C$24,IF(ABS($L8)/$K8<=スコアリング基準!$B$25,スコアリング基準!$C$25,IF(ABS($L8)/$K8<=スコアリング基準!$B$26,スコアリング基準!$C$26,0)))) | V8: =IF($P8="なし",スコアリング基準!$C$27,0) | W8: =IF($F8="",0,IF(ISNUMBER($F8),IF($F8<=スコアリング基準!$B$28,スコアリング基準!$C$28,スコアリング基準!$C$29),0)) | X8: =IFERROR(VLOOKUP($B8,スコアリング基準!$A$36:$B$46,2,FALSE),0) | Y8: =SUM($S8:$X8) | Z8: =IF(COUNT($M8:$N8)=0,"データ無",IF($Y8>=スコアリング基準!$B$30,"S",IF($Y8>=スコアリング基準!$B$31,"A",IF($Y8>=スコアリング基準!$B$32,"B","C")))) | AA8: =IFERROR(INDEX(実績DB!$I$3:$I$104,MATCH($B8&$C8,実績DB!$J$3:$J$104,0)),"")
A9: 7 | B9: 北海道 | C9: 泊変電所 | D9: 北海道 | E9: 275 | G9: 43.039555 | H9: 140.51623 | I9: OSM実測 | R9: =IF(COUNT($M9:$N9)=0,"",IF(AND(IF($N9<>"",$N9,$M9)<=0,$O9<>"可"),"警告","")) | S9: =IF(COUNT($M9:$N9)=0,0,IF(IF($N9<>"",$N9,$M9)>=スコアリング基準!$B$20,スコアリング基準!$C$20,IF(IF($N9<>"",$N9,$M9)>=スコアリング基準!$B$21,スコアリング基準!$C$21,IF(IF($N9<>"",$N9,$M9)>0,スコアリング基準!$C$22,0)))) | T9: =IF($O9="可",スコアリング基準!$C$23,0) | U9: =IF(OR(COUNT($K9:$L9)<2,$K9=0),0,IF(ABS($L9)/$K9<=スコアリング基準!$B$24,スコアリング基準!$C$24,IF(ABS($L9)/$K9<=スコアリング基準!$B$25,スコアリング基準!$C$25,IF(ABS($L9)/$K9<=スコアリング基準!$B$26,スコアリング基準!$C$26,0)))) | V9: =IF($P9="なし",スコアリング基準!$C$27,0) | W9: =IF($F9="",0,IF(ISNUMBER($F9),IF($F9<=スコアリング基準!$B$28,スコアリング基準!$C$28,スコアリング基準!$C$29),0)) | X9: =IFERROR(VLOOKUP($B9,スコアリング基準!$A$36:$B$46,2,FALSE),0) | Y9: =SUM($S9:$X9) | Z9: =IF(COUNT($M9:$N9)=0,"データ無",IF($Y9>=スコアリング基準!$B$30,"S",IF($Y9>=スコアリング基準!$B$31,"A",IF($Y9>=スコアリング基準!$B$32,"B","C")))) | AA9: =IFERROR(INDEX(実績DB!$I$3:$I$104,MATCH($B9&$C9,実績DB!$J$3:$J$104,0)),"")
A10: 8 | B10: 北海道 | C10: 石狩湾新港発電所 | D10: 北海道 | E10: 275 | G10: 43.191869 | H10: 141.27664 | I10: OSM実測 | R10: =IF(COUNT($M10:$N10)=0,"",IF(AND(IF($N10<>"",$N10,$M10)<=0,$O10<>"可"),"警告","")) | S10: =IF(COUNT($M10:$N10)=0,0,IF(IF($N10<>"",$N10,$M10)>=スコアリング基準!$B$20,スコアリング基準!$C$20,IF(IF($N10<>"",$N10,$M10)>=スコアリング基準!$B$21,スコアリング基準!$C$21,IF(IF($N10<>"",$N10,$M10)>0,スコアリング基準!$C$22,0)))) | T10: =IF($O10="可",スコアリング基準!$C$23,0) | U10: =IF(OR(COUNT($K10:$L10)<2,$K10=0),0,IF(ABS($L10)/$K10<=スコアリング基準!$B$24,スコアリング基準!$C$24,IF(ABS($L10)/$K10<=スコアリング基準!$B$25,スコアリング基準!$C$25,IF(ABS($L10)/$K10<=スコアリング基準!$B$26,スコアリング基準!$C$26,0)))) | V10: =IF($P10="なし",スコアリング基準!$C$27,0) | W10: =IF($F10="",0,IF(ISNUMBER($F10),IF($F10<=スコアリング基準!$B$28,スコアリング基準!$C$28,スコアリング基準!$C$29),0)) | X10: =IFERROR(VLOOKUP($B10,スコアリング基準!$A$36:$B$46,2,FALSE),0) | Y10: =SUM($S10:$X10) | Z10: =IF(COUNT($M10:$N10)=0,"データ無",IF($Y10>=スコアリング基準!$B$30,"S",IF($Y10>=スコアリング基準!$B$31,"A",IF($Y10>=スコアリング基準!$B$32,"B","C")))) | AA10: =IFERROR(INDEX(実績DB!$I$3:$I$104,MATCH($B10&$C10,実績DB!$J$3:$J$104,0)),"")
A11: 9 | B11: 北海道 | C11: 西双葉開閉所 | D11: 北海道 | E11: 275 | G11: 42.749341 | H11: 141.03533 | I11: OSM実測 | R11: =IF(COUNT($M11:$N11)=0,"",IF(AND(IF($N11<>"",$N11,$M11)<=0,$O11<>"可"),"警告","")) | S11: =IF(COUNT($M11:$N11)=0,0,IF(IF($N11<>"",$N11,$M11)>=スコアリング基準!$B$20,スコアリング基準!$C$20,IF(IF($N11<>"",$N11,$M11)>=スコアリング基準!$B$21,スコアリング基準!$C$21,IF(IF($N11<>"",$N11,$M11)>0,スコアリング基準!$C$22,0)))) | T11: =IF($O11="可",スコアリング基準!$C$23,0) | U11: =IF(OR(COUNT($K11:$L11)<2,$K11=0),0,IF(ABS($L11)/$K11<=スコアリング基準!$B$24,スコアリング基準!$C$24,IF(ABS($L11)/$K11<=スコアリング基準!$B$25,スコアリング基準!$C$25,IF(ABS($L11)/$K11<=スコアリング基準!$B$26,スコアリング基準!$C$26,0)))) | V11: =IF($P11="なし",スコアリング基準!$C$27,0) | W11: =IF($F11="",0,IF(ISNUMBER($F11),IF($F11<=スコアリング基準!$B$28,スコアリング基準!$C$28,スコアリング基準!$C$29),0)) | X11: =IFERROR(VLOOKUP($B11,スコアリング基準!$A$36:$B$46,2,FALSE),0) | Y11: =SUM($S11:$X11) | Z11: =IF(COUNT($M11:$N11)=0,"データ無",IF($Y11>=スコアリング基準!$B$30,"S",IF($Y11>=スコアリング基準!$B$31,"A",IF($Y11>=スコアリング基準!$B$32,"B","C")))) | AA11: =IFERROR(INDEX(実績DB!$I$3:$I$104,MATCH($B11&$C11,実績DB!$J$3:$J$104,0)),"")
A12: 10 | B12: 北海道 | C12: 西当別変電所 | D12: 北海道 | E12: 275 | F12: 187 | G12: 43.234251 | H12: 141.45127 | I12: OSM実測 | J12: 1800 | K12: 1200 | L12: 1177 | O12: 不可 #1 | P12: なし | Q12: 北海道当別町 | R12: =IF(COUNT($M12:$N12)=0,"",IF(AND(IF($N12<>"",$N12,$M12)<=0,$O12<>"可"),"警告","")) | S12: =IF(COUNT($M12:$N12)=0,0,IF(IF($N12<>"",$N12,$M12)>=スコアリング基準!$B$20,スコアリング基準!$C$20,IF(IF($N12<>"",$N12,$M12)>=スコアリング基準!$B$21,スコアリング基準!$C$21,IF(IF($N12<>"",$N12,$M12)>0,スコアリング基準!$C$22,0)))) | T12: =IF($O12="可",スコアリング基準!$C$23,0) | U12: =IF(OR(COUNT($K12:$L12)<2,$K12=0),0,IF(ABS($L12)/$K12<=スコアリング基準!$B$24,スコアリング基準!$C$24,IF(ABS($L12)/$K12<=スコアリング基準!$B$25,スコアリング基準!$C$25,IF(ABS($L12)/$K12<=スコアリング基準!$B$26,スコアリング基準!$C$26,0)))) | V12: =IF($P12="なし",スコアリング基準!$C$27,0) | W12: =IF($F12="",0,IF(ISNUMBER($F12),IF($F12<=スコアリング基準!$B$28,スコアリング基準!$C$28,スコアリング基準!$C$29),0)) | X12: =IFERROR(VLOOKUP($B12,スコアリング基準!$A$36:$B$46,2,FALSE),0) | Y12: =SUM($S12:$X12) | Z12: =IF(COUNT($M12:$N12)=0,"データ無",IF($Y12>=スコアリング基準!$B$30,"S",IF($Y12>=スコアリング基準!$B$31,"A",IF($Y12>=スコアリング基準!$B$32,"B","C")))) | AA12: =IFERROR(INDEX(実績DB!$I$3:$I$104,MATCH($B12&$C12,実績DB!$J$3:$J$104,0)),"")
A13: 11 | B13: 北海道 | C13: 西野変電所 | D13: 北海道 | E13: 275 | F13: 187 | G13: 43.05722 | H13: 141.22255 | I13: OSM実測 | J13: 1800 | K13: 1200 | L13: 1022 | O13: 不可 #1 | P13: なし | Q13: 北海道札幌市西区 | R13: =IF(COUNT($M13:$N13)=0,"",IF(AND(IF($N13<>"",$N13,$M13)<=0,$O13<>"可"),"警告","")) | S13: =IF(COUNT($M13:$N13)=0,0,IF(IF($N13<>"",$N13,$M13)>=スコアリング基準!$B$20,スコアリング基準!$C$20,IF(IF($N13<>"",$N13,$M13)>=スコアリング基準!$B$21,スコアリング基準!$C$21,IF(IF($N13<>"",$N13,$M13)>0,スコアリング基準!$C$22,0)))) | T13: =IF($O13="可",スコアリング基準!$C$23,0) | U13: =IF(OR(COUNT($K13:$L13)<2,$K13=0),0,IF(ABS($L13)/$K13<=スコアリング基準!$B$24,スコアリング基準!$C$24,IF(ABS($L13)/$K13<=スコアリング基準!$B$25,スコアリング基準!$C$25,IF(ABS($L13)/$K13<=スコアリング基準!$B$26,スコアリング基準!$C$26,0)))) | V13: =IF($P13="なし",スコアリング基準!$C$27,0) | W13: =IF($F13="",0,IF(ISNUMBER($F13),IF($F13<=スコアリング基準!$B$28,スコアリング基準!$C$28,スコアリング基準!$C$29),0)) | X13: =IFERROR(VLOOKUP($B13,スコアリング基準!$A$36:$B$46,2,FALSE),0) | Y13: =SUM($S13:$X13) | Z13: =IF(COUNT($M13:$N13)=0,"データ無",IF($Y13>=スコアリング基準!$B$30,"S",IF($Y13>=スコアリング基準!$B$31,"A",IF($Y13>=スコアリング基準!$B$32,"B","C")))) | AA13: =IFERROR(INDEX(実績DB!$I$3:$I$104,MATCH($B13&$C13,実績DB!$J$3:$J$104,0)),"")
A14: 12 | B14: 北海道 | C14: 吉岡ケーブルヘッド | D14: 北海道 | E14: 250 | G14: 41.441719 | H14: 140.23466 | I14: OSM実測 | R14: =IF(COUNT($M14:$N14)=0,"",IF(AND(IF($N14<>"",$N14,$M14)<=0,$O14<>"可"),"警告","")) | S14: =IF(COUNT($M14:$N14)=0,0,IF(IF($N14<>"",$N14,$M14)>=スコアリング基準!$B$20,スコアリング基準!$C$20,IF(IF($N14<>"",$N14,$M14)>=スコアリング基準!$B$21,スコアリング基準!$C$21,IF(IF($N14<>"",$N14,$M14)>0,スコアリング基準!$C$22,0)))) | T14: =IF($O14="可",スコアリング基準!$C$23,0) | U14: =IF(OR(COUNT($K14:$L14)<2,$K14=0),0,IF(ABS($L14)/$K14<=スコアリング基準!$B$24,スコアリング基準!$C$24,IF(ABS($L14)/$K14<=スコアリング基準!$B$25,スコアリング基準!$C$25,IF(ABS($L14)/$K14<=スコアリング基準!$B$26,スコアリング基準!$C$26,0)))) | V14: =IF($P14="なし",スコアリング基準!$C$27,0) | W14: =IF($F14="",0,IF(ISNUMBER($F14),IF($F14<=スコアリング基準!$B$28,スコアリング基準!$C$28,スコアリング基準!$C$29),0)) | X14: =IFERROR(VLOOKUP($B14,スコアリング基準!$A$36:$B$46,2,FALSE),0) | Y14: =SUM($S14:$X14) | Z14: =IF(COUNT($M14:$N14)=0,"データ無",IF($Y14>=スコアリング基準!$B$30,"S",IF($Y14>=スコアリング基準!$B$31,"A",IF($Y14>=スコアリング基準!$B$32,"B","C")))) | AA14: =IFERROR(INDEX(実績DB!$I$3:$I$104,MATCH($B14&$C14,実績DB!$J$3:$J$104,0)),"")
A15: 13 | B15: 北海道 | C15: 竜飛ケーブルヘッド | D15: 青森県 | E15: 250 | G15: 41.252366 | H15: 140.34658 | I15: OSM実測 | R15: =IF(COUNT($M15:$N15)=0,"",IF(AND(IF($N15<>"",$N15,$M15)<=0,$O15<>"可"),"警告","")) | S15: =IF(COUNT($M15:$N15)=0,0,IF(IF($N15<>"",$N15,$M15)>=スコアリング基準!$B$20,スコアリング基準!$C$20,IF(IF($N15<>"",$N15,$M15)>=スコアリング基準!$B$21,スコアリング基準!$C$21,IF(IF($N15<>"",$N15,$M15)>0,スコアリング基準!$C$22,0)))) | T15: =IF($O15="可",スコアリング基準!$C$23,0) | U15: =IF(OR(COUNT($K15:$L15)<2,$K15=0),0,IF(ABS($L15)/$K15<=スコアリング基準!$B$24,スコアリング基準!$C$24,IF(ABS($L15)/$K15<=スコアリング基準!$B$25,スコアリング基準!$C$25,IF(ABS($L15)/$K15<=スコアリング基準!$B$26,スコアリング基準!$C$26,0)))) | V15: =IF($P15="なし",スコアリング基準!$C$27,0) | W15: =IF($F15="",0,IF(ISNUMBER($F15),IF($F15<=スコアリング基準!$B$28,スコアリング基準!$C$28,スコアリング基準!$C$29),0)) | X15: =IFERROR(VLOOKUP($B15,スコアリング基準!$A$36:$B$46,2,FALSE),0) | Y15: =SUM($S15:$X15) | Z15: =IF(COUNT($M15:$N15)=0,"データ無",IF($Y15>=スコアリング基準!$B$30,"S",IF($Y15>=スコアリング基準!$B$31,"A",IF($Y15>=スコアリング基準!$B$32,"B","C")))) | AA15: =IFERROR(INDEX(実績DB!$I$3:$I$104,MATCH($B15&$C15,実績DB!$J$3:$J$104,0)),"")
A16: 14 | B16: 北海道 | C16: 七飯発電所 | D16: 北海道 | E16: 187 | G16: 41.931997 | H16: 140.65452 | I16: OSM実測 | R16: =IF(COUNT($M16:$N16)=0,"",IF(AND(IF($N16<>"",$N16,$M16)<=0,$O16<>"可"),"警告","")) | S16: =IF(COUNT($M16:$N16)=0,0,IF(IF($N16<>"",$N16,$M16)>=スコアリング基準!$B$20,スコアリング基準!$C$20,IF(IF($N16<>"",$N16,$M16)>=スコアリング基準!$B$21,スコアリング基準!$C$21,IF(IF($N16<>"",$N16,$M16)>0,スコアリング基準!$C$22,0)))) | T16: =IF($O16="可",スコアリング基準!$C$23,0) | U16: =IF(OR(COUNT($K16:$L16)<2,$K16=0),0,IF(ABS($L16)/$K16<=スコアリング基準!$B$24,スコアリング基準!$C$24,IF(ABS($L16)/$K16<=スコアリング基準!$B$25,スコアリング基準!$C$25,IF(ABS($L16)/$K16<=スコアリング基準!$B$26,スコアリング基準!$C$26,0)))) | V16: =IF($P16="なし",スコアリング基準!$C$27,0) | W16: =IF($F16="",0,IF(ISNUMBER($F16),IF($F16<=スコアリング基準!$B$28,スコアリング基準!$C$28,スコアリング基準!$C$29),0)) | X16: =IFERROR(VLOOKUP($B16,スコアリング基準!$A$36:$B$46,2,FALSE),0) | Y16: =SUM($S16:$X16) | Z16: =IF(COUNT($M16:$N16)=0,"データ無",IF($Y16>=スコアリング基準!$B$30,"S",IF($Y16>=スコアリング基準!$B$31,"A",IF($Y16>=スコアリング基準!$B$32,"B","C")))) | AA16: =IFERROR(INDEX(実績DB!$I$3:$I$104,MATCH($B16&$C16,実績DB!$J$3:$J$104,0)),"")
A17: 15 | B17: 北海道 | C17: 北七飯変電所 | D17: 北海道 | E17: 187 | F17: 66 | G17: 41.932291 | H17: 140.65711 | I17: OSM実測(名称一致) | J17: 300 | K17: 195 | L17: -184 | O17: 不可 #1 | P17: 有り | Q17: 北海道七飯町 | R17: =IF(COUNT($M17:$N17)=0,"",IF(AND(IF($N17<>"",$N17,$M17)<=0,$O17<>"可"),"警告","")) | S17: =IF(COUNT($M17:$N17)=0,0,IF(IF($N17<>"",$N17,$M17)>=スコアリング基準!$B$20,スコアリング基準!$C$20,IF(IF($N17<>"",$N17,$M17)>=スコアリング基準!$B$21,スコアリング基準!$C$21,IF(IF($N17<>"",$N17,$M17)>0,スコアリング基準!$C$22,0)))) | T17: =IF($O17="可",スコアリング基準!$C$23,0) | U17: =IF(OR(COUNT($K17:$L17)<2,$K17=0),0,IF(ABS($L17)/$K17<=スコアリング基準!$B$24,スコアリング基準!$C$24,IF(ABS($L17)/$K17<=スコアリング基準!$B$25,スコアリング基準!$C$25,IF(ABS($L17)/$K17<=スコアリング基準!$B$26,スコアリング基準!$C$26,0)))) | V17: =IF($P17="なし",スコアリング基準!$C$27,0) | W17: =IF($F17="",0,IF(ISNUMBER($F17),IF($F17<=スコアリング基準!$B$28,スコアリング基準!$C$28,スコアリング基準!$C$29),0)) | X17: =IFERROR(VLOOKUP($B17,スコアリング基準!$A$36:$B$46,2,FALSE),0) | Y17: =SUM($S17:$X17) | Z17: =IF(COUNT($M17:$N17)=0,"データ無",IF($Y17>=スコアリング基準!$B$30,"S",IF($Y17>=スコアリング基準!$B$31,"A",IF($Y17>=スコアリング基準!$B$32,"B","C")))) | AA17: =IFERROR(INDEX(実績DB!$I$3:$I$104,MATCH($B17&$C17,実績DB!$J$3:$J$104,0)),"")
A18: 16 | B18: 北海道 | C18: 北江別変電所 | D18: 北海道 | E18: 187 | F18: 66 | G18: 43.120728 | H18: 141.53453 | I18: OSM実測 | J18: 350 | K18: 197 | L18: -263 | O18: 可 | P18: 有り | Q18: 北海道江別市 | R18: =IF(COUNT($M18:$N18)=0,"",IF(AND(IF($N18<>"",$N18,$M18)<=0,$O18<>"可"),"警告","")) | S18: =IF(COUNT($M18:$N18)=0,0,IF(IF($N18<>"",$N18,$M18)>=スコアリング基準!$B$20,スコアリング基準!$C$20,IF(IF($N18<>"",$N18,$M18)>=スコアリング基準!$B$21,スコアリング基準!$C$21,IF(IF($N18<>"",$N18,$M18)>0,スコアリング基準!$C$22,0)))) | T18: =IF($O18="可",スコアリング基準!$C$23,0) | U18: =IF(OR(COUNT($K18:$L18)<2,$K18=0),0,IF(ABS($L18)/$K18<=スコアリング基準!$B$24,スコアリング基準!$C$24,IF(ABS($L18)/$K18<=スコアリング基準!$B$25,スコアリング基準!$C$25,IF(ABS($L18)/$K18<=スコアリング基準!$B$26,スコアリング基準!$C$26,0)))) | V18: =IF($P18="なし",スコアリング基準!$C$27,0) | W18: =IF($F18="",0,IF(ISNUMBER($F18),IF($F18<=スコアリング基準!$B$28,スコアリング基準!$C$28,スコアリング基準!$C$29),0)) | X18: =IFERROR(VLOOKUP($B18,スコアリング基準!$A$36:$B$46,2,FALSE),0) | Y18: =SUM($S18:$X18) | Z18: =IF(COUNT($M18:$N18)=0,"データ無",IF($Y18>=スコアリング基準!$B$30,"S",IF($Y18>=スコアリング基準!$B$31,"A",IF($Y18>=スコアリング基準!$B$32,"B","C")))) | AA18: =IFERROR(INDEX(実績DB!$I$3:$I$104,MATCH($B18&$C18,実績DB!$J$3:$J$104,0)),"")
A19: 17 | B19: 北海道 | C19: 北海道北部風力送電㈱ 北豊富変電所 | D19: 北海道 | E19: 187 | G19: 45.196211 | H19: 141.79538 | I19: OSM実測 | R19: =IF(COUNT($M19:$N19)=0,"",IF(AND(IF($N19<>"",$N19,$M19)<=0,$O19<>"可"),"警告","")) | S19: =IF(COUNT($M19:$N19)=0,0,IF(IF($N19<>"",$N19,$M19)>=スコアリング基準!$B$20,スコアリング基準!$C$20,IF(IF($N19<>"",$N19,$M19)>=スコアリング基準!$B$21,スコアリング基準!$C$21,IF(IF($N19<>"",$N19,$M19)>0,スコアリング基準!$C$22,0)))) | T19: =IF($O19="可",スコアリング基準!$C$23,0) | U19: =IF(OR(COUNT($K19:$L19)<2,$K19=0),0,IF(ABS($L19)/$K19<=スコアリング基準!$B$24,スコアリング基準!$C$24,IF(ABS($L19)/$K19<=スコアリング基準!$B$25,スコアリング基準!$C$25,IF(ABS($L19)/$K19<=スコアリング基準!$B$26,スコアリング基準!$C$26,0)))) | V19: =IF($P19="なし",スコアリング基準!$C$27,0) | W19: =IF($F19="",0,IF(ISNUMBER($F19),IF($F19<=スコアリング基準!$B$28,スコアリング基準!$C$28,スコアリング基準!$C$29),0)) | X19: =IFERROR(VLOOKUP($B19,スコアリング基準!$A$36:$B$46,2,FALSE),0) | Y19: =SUM($S19:$X19) | Z19: =IF(COUNT($M19:$N19)=0,"データ無",IF($Y19>=スコアリング基準!$B$30,"S",IF($Y19>=スコアリング基準!$B$31,"A",IF($Y19>=スコアリング基準!$B$32,"B","C")))) | AA19: =IFERROR(INDEX(実績DB!$I$3:$I$104,MATCH($B19&$C19,実績DB!$J$3:$J$104,0)),"")
A20: 18 | B20: 北海道 | C20: 北海道電力 総合研究所 | D20: 北海道 | E20: 187 | G20: 43.120027 | H20: 141.5375 | I20: OSM実測 | R20: =IF(COUNT($M20:$N20)=0,"",IF(AND(IF($N20<>"",$N20,$M20)<=0,$O20<>"可"),"警告","")) | S20: =IF(COUNT($M20:$N20)=0,0,IF(IF($N20<>"",$N20,$M20)>=スコアリング基準!$B$20,スコアリング基準!$C$20,IF(IF($N20<>"",$N20,$M20)>=スコアリング基準!$B$21,スコアリング基準!$C$21,IF(IF($N20<>"",$N20,$M20)>0,スコアリング基準!$C$22,0)))) | T20: =IF($O20="可",スコアリング基準!$C$23,0) | U20: =IF(OR(COUNT($K20:$L20)<2,$K20=0),0,IF(ABS($L20)/$K20<=スコアリング基準!$B$24,スコアリング基準!$C$24,IF(ABS($L20)/$K20<=スコアリング基準!$B$25,スコアリング基準!$C$25,IF(ABS($L20)/$K20<=スコアリング基準!$B$26,スコアリング基準!$C$26,0)))) | V20: =IF($P20="なし",スコアリング基準!$C$27,0) | W20: =IF($F20="",0,IF(ISNUMBER($F20),IF($F20<=スコアリング基準!$B$28,スコアリング基準!$C$28,スコアリング基準!$C$29),0)) | X20: =IFERROR(VLOOKUP($B20,スコアリング基準!$A$36:$B$46,2,FALSE),0) | Y20: =SUM($S20:$X20) | Z20: =IF(COUNT($M20:$N20)=0,"データ無",IF($Y20>=スコアリング基準!$B$30,"S",IF($Y20>=スコアリング基準!$B$31,"A",IF($Y20>=スコアリング基準!$B$32,"B","C")))) | AA20: =IFERROR(INDEX(実績DB!$I$3:$I$104,MATCH($B20&$C20,実績DB!$J$3:$J$104,0)),"")
A21: 19 | B21: 北海道 | C21: 北芽室変電所 | D21: 北海道 | E21: 187 | F21: 66 | G21: 42.92133 | H21: 143.03358 | I21: OSM実測 | J21: 310 | K21: 158 | L21: -185 | O21: 可 | P21: 有り | Q21: 北海道芽室町 | R21: =IF(COUNT($M21:$N21)=0,"",IF(AND(IF($N21<>"",$N21,$M21)<=0,$O21<>"可"),"警告","")) | S21: =IF(COUNT($M21:$N21)=0,0,IF(IF($N21<>"",$N21,$M21)>=スコアリング基準!$B$20,スコアリング基準!$C$20,IF(IF($N21<>"",$N21,$M21)>=スコアリング基準!$B$21,スコアリング基準!$C$21,IF(IF($N21<>"",$N21,$M21)>0,スコアリング基準!$C$22,0)))) | T21: =IF($O21="可",スコアリング基準!$C$23,0) | U21: =IF(OR(COUNT($K21:$L21)<2,$K21=0),0,IF(ABS($L21)/$K21<=スコアリング基準!$B$24,スコアリング基準!$C$24,IF(ABS($L21)/$K21<=スコアリング基準!$B$25,スコアリング基準!$C$25,IF(ABS($L21)/$K21<=スコアリング基準!$B$26,スコアリング基準!$C$26,0)))) | V21: =IF($P21="なし",スコアリング基準!$C$27,0) | W21: =IF($F21="",0,IF(ISNUMBER($F21),IF($F21<=スコアリング基準!$B$28,スコアリング基準!$C$28,スコアリング基準!$C$29),0)) | X21: =IFERROR(VLOOKUP($B21,スコアリング基準!$A$36:$B$46,2,FALSE),0) | Y21: =SUM($S21:$X21) | Z21: =IF(COUNT($M21:$N21)=0,"データ無",IF($Y21>=スコアリング基準!$B$30,"S",IF($Y21>=スコアリング基準!$B$31,"A",IF($Y21>=スコアリング基準!$B$32,"B","C")))) | AA21: =IFERROR(INDEX(実績DB!$I$3:$I$104,MATCH($B21&$C21,実績DB!$J$3:$J$104,0)),"")
A22: 20 | B22: 北海道 | C22: 北静内変電所 | D22: 北海道 | E22: 187 | F22: 66 | G22: 42.35 | H22: 142.37 | I22: 推定 | J22: 120 | K22: 60 | L22: -152 | O22: 不可 #5 | P22: 有り | Q22: 北海道新ひだか町静内 | R22: =IF(COUNT($M22:$N22)=0,"",IF(AND(IF($N22<>"",$N22,$M22)<=0,$O22<>"可"),"警告","")) | S22: =IF(COUNT($M22:$N22)=0,0,IF(IF($N22<>"",$N22,$M22)>=スコアリング基準!$B$20,スコアリング基準!$C$20,IF(IF($N22<>"",$N22,$M22)>=スコアリング基準!$B$21,スコアリング基準!$C$21,IF(IF($N22<>"",$N22,$M22)>0,スコアリング基準!$C$22,0)))) | T22: =IF($O22="可",スコアリング基準!$C$23,0) | U22: =IF(OR(COUNT($K22:$L22)<2,$K22=0),0,IF(ABS($L22)/$K22<=スコアリング基準!$B$24,スコアリング基準!$C$24,IF(ABS($L22)/$K22<=スコアリング基準!$B$25,スコアリング基準!$C$25,IF(ABS($L22)/$K22<=スコアリング基準!$B$26,スコアリング基準!$C$26,0)))) | V22: =IF($P22="なし",スコアリング基準!$C$27,0) | W22: =IF($F22="",0,IF(ISNUMBER($F22),IF($F22<=スコアリング基準!$B$28,スコアリング基準!$C$28,スコアリング基準!$C$29),0)) | X22: =IFERROR(VLOOKUP($B22,スコアリング基準!$A$36:$B$46,2,FALSE),0) | Y22: =SUM($S22:$X22) | Z22: =IF(COUNT($M22:$N22)=0,"データ無",IF($Y22>=スコアリング基準!$B$30,"S",IF($Y22>=スコアリング基準!$B$31,"A",IF($Y22>=スコアリング基準!$B$32,"B","C")))) | AA22: =IFERROR(INDEX(実績DB!$I$3:$I$104,MATCH($B22&$C22,実績DB!$J$3:$J$104,0)),"")
A23: 21 | B23: 北海道 | C23: 南九条変電所 | D23: 北海道 | E23: 187 | F23: 66 | G23: 43.046 | H23: 141.37 | I23: 推定 | J23: 450 | K23: 299 | L23: 121 | O23: 可 | P23: なし | Q23: 北海道札幌市豊平区 | R23: =IF(COUNT($M23:$N23)=0,"",IF(AND(IF($N23<>"",$N23,$M23)<=0,$O23<>"可"),"警告","")) | S23: =IF(COUNT($M23:$N23)=0,0,IF(IF($N23<>"",$N23,$M23)>=スコアリング基準!$B$20,スコアリング基準!$C$20,IF(IF($N23<>"",$N23,$M23)>=スコアリング基準!$B$21,スコアリング基準!$C$21,IF(IF($N23<>"",$N23,$M23)>0,スコアリング基準!$C$22,0)))) | T23: =IF($O23="可",スコアリング基準!$C$23,0) | U23: =IF(OR(COUNT($K23:$L23)<2,$K23=0),0,IF(ABS($L23)/$K23<=スコアリング基準!$B$24,スコアリング基準!$C$24,IF(ABS($L23)/$K23<=スコアリング基準!$B$25,スコアリング基準!$C$25,IF(ABS($L23)/$K23<=スコアリング基準!$B$26,スコアリング基準!$C$26,0)))) | V23: =IF($P23="なし",スコアリング基準!$C$27,0) | W23: =IF($F23="",0,IF(ISNUMBER($F23),IF($F23<=スコアリング基準!$B$28,スコアリング基準!$C$28,スコアリング基準!$C$29),0)) | X23: =IFERROR(VLOOKUP($B23,スコアリング基準!$A$36:$B$46,2,FALSE),0) | Y23: =SUM($S23:$X23) | Z23: =IF(COUNT($M23:$N23)=0,"データ無",IF($Y23>=スコアリング基準!$B$30,"S",IF($Y23>=スコアリング基準!$B$31,"A",IF($Y23>=スコアリング基準!$B$32,"B","C")))) | AA23: =IFERROR(INDEX(実績DB!$I$3:$I$104,MATCH($B23&$C23,実績DB!$J$3:$J$104,0)),"")
A24: 22 | B24: 北海道 | C24: 南札幌変電所 | D24: 北海道 | E24: 187 | F24: 66 | G24: 43.022335 | H24: 141.41853 | I24: OSM実測(名称一致) | J24: 600 | K24: 389 | L24: 10 | O24: 可 | P24: なし | Q24: 北海道札幌市南区 | R24: =IF(COUNT($M24:$N24)=0,"",IF(AND(IF($N24<>"",$N24,$M24)<=0,$O24<>"可"),"警告","")) | S24: =IF(COUNT($M24:$N24)=0,0,IF(IF($N24<>"",$N24,$M24)>=スコアリング基準!$B$20,スコアリング基準!$C$20,IF(IF($N24<>"",$N24,$M24)>=スコアリング基準!$B$21,スコアリング基準!$C$21,IF(IF($N24<>"",$N24,$M24)>0,スコアリング基準!$C$22,0)))) | T24: =IF($O24="可",スコアリング基準!$C$23,0) | U24: =IF(OR(COUNT($K24:$L24)<2,$K24=0),0,IF(ABS($L24)/$K24<=スコアリング基準!$B$24,スコアリング基準!$C$24,IF(ABS($L24)/$K24<=スコアリング基準!$B$25,スコアリング基準!$C$25,IF(ABS($L24)/$K24<=スコアリング基準!$B$26,スコアリング基準!$C$26,0)))) | V24: =IF($P24="なし",スコアリング基準!$C$27,0) | W24: =IF($F24="",0,IF(ISNUMBER($F24),IF($F24<=スコアリング基準!$B$28,スコアリング基準!$C$28,スコアリング基準!$C$29),0)) | X24: =IFERROR(VLOOKUP($B24,スコアリング基準!$A$36:$B$46,2,FALSE),0) | Y24: =SUM($S24:$X24) | Z24: =IF(COUNT($M24:$N24)=0,"データ無",IF($Y24>=スコアリング基準!$B$30,"S",IF($Y24>=スコアリング基準!$B$31,"A",IF($Y24>=スコアリング基準!$B$32,"B","C")))) | AA24: =IFERROR(INDEX(実績DB!$I$3:$I$104,MATCH($B24&$C24,実績DB!$J$3:$J$104,0)),"")
A25: 23 | B25: 北海道 | C25: 双葉開閉所 | D25: 北海道 | E25: 187 | G25: 42.743148 | H25: 141.03404 | I25: OSM実測 | R25: =IF(COUNT($M25:$N25)=0,"",IF(AND(IF($N25<>"",$N25,$M25)<=0,$O25<>"可"),"警告","")) | S25: =IF(COUNT($M25:$N25)=0,0,IF(IF($N25<>"",$N25,$M25)>=スコアリング基準!$B$20,スコアリング基準!$C$20,IF(IF($N25<>"",$N25,$M25)>=スコアリング基準!$B$21,スコアリング基準!$C$21,IF(IF($N25<>"",$N25,$M25)>0,スコアリング基準!$C$22,0)))) | T25: =IF($O25="可",スコアリング基準!$C$23,0) | U25: =IF(OR(COUNT($K25:$L25)<2,$K25=0),0,IF(ABS($L25)/$K25<=スコアリング基準!$B$24,スコアリング基準!$C$24,IF(ABS($L25)/$K25<=スコアリング基準!$B$25,スコアリング基準!$C$25,IF(ABS($L25)/$K25<=スコアリング基準!$B$26,スコアリング基準!$C$26,0)))) | V25: =IF($P25="なし",スコアリング基準!$C$27,0) | W25: =IF($F25="",0,IF(ISNUMBER($F25),IF($F25<=スコアリング基準!$B$28,スコアリング基準!$C$28,スコアリング基準!$C$29),0)) | X25: =IFERROR(VLOOKUP($B25,スコアリング基準!$A$36:$B$46,2,FALSE),0) | Y25: =SUM($S25:$X25) | Z25: =IF(COUNT($M25:$N25)=0,"データ無",IF($Y25>=スコアリング基準!$B$30,"S",IF($Y25>=スコアリング基準!$B$31,"A",IF($Y25>=スコアリング基準!$B$32,"B","C")))) | AA25: =IFERROR(INDEX(実績DB!$I$3:$I$104,MATCH($B25&$C25,実績DB!$J$3:$J$104,0)),"")
A26: 24 | B26: 北海道 | C26: 女満別変電所 | D26: 北海道 | E26: 187 | F26: 66 | G26: 43.832103 | H26: 144.21691 | I26: OSM実測(名称一致) | J26: 200 | K26: 100 | L26: -179 | O26: 可 | P26: 有り | Q26: 北海道大空町女満別 | R26: =IF(COUNT($M26:$N26)=0,"",IF(AND(IF($N26<>"",$N26,$M26)<=0,$O26<>"可"),"警告","")) | S26: =IF(COUNT($M26:$N26)=0,0,IF(IF($N26<>"",$N26,$M26)>=スコアリング基準!$B$20,スコアリング基準!$C$20,IF(IF($N26<>"",$N26,$M26)>=スコアリング基準!$B$21,スコアリング基準!$C$21,IF(IF($N26<>"",$N26,$M26)>0,スコアリング基準!$C$22,0)))) | T26: =IF($O26="可",スコアリング基準!$C$23,0) | U26: =IF(OR(COUNT($K26:$L26)<2,$K26=0),0,IF(ABS($L26)/$K26<=スコアリング基準!$B$24,スコアリング基準!$C$24,IF(ABS($L26)/$K26<=スコアリング基準!$B$25,スコアリング基準!$C$25,IF(ABS($L26)/$K26<=スコアリング基準!$B$26,スコアリング基準!$C$26,0)))) | V26: =IF($P26="なし",スコアリング基準!$C$27,0) | W26: =IF($F26="",0,IF(ISNUMBER($F26),IF($F26<=スコアリング基準!$B$28,スコアリング基準!$C$28,スコアリング基準!$C$29),0)) | X26: =IFERROR(VLOOKUP($B26,スコアリング基準!$A$36:$B$46,2,FALSE),0) | Y26: =SUM($S26:$X26) | Z26: =IF(COUNT($M26:$N26)=0,"データ無",IF($Y26>=スコアリング基準!$B$30,"S",IF($Y26>=スコアリング基準!$B$31,"A",IF($Y26>=スコアリング基準!$B$32,"B","C")))) | AA26: =IFERROR(INDEX(実績DB!$I$3:$I$104,MATCH($B26&$C26,実績DB!$J$3:$J$104,0)),"")
A27: 25 | B27: 北海道 | C27: 宇円別変電所 | D27: 北海道 | E27: 187 | F27: 66 | G27: 43.077642 | H27: 144.15521 | I27: OSM実測 | J27: 275 | K27: 153 | L27: -418 | O27: 可 | P27: 有り | Q27: 北海道釧路市（標茶近郊） | R27: =IF(COUNT($M27:$N27)=0,"",IF(AND(IF($N27<>"",$N27,$M27)<=0,$O27<>"可"),"警告","")) | S27: =IF(COUNT($M27:$N27)=0,0,IF(IF($N27<>"",$N27,$M27)>=スコアリング基準!$B$20,スコアリング基準!$C$20,IF(IF($N27<>"",$N27,$M27)>=スコアリング基準!$B$21,スコアリング基準!$C$21,IF(IF($N27<>"",$N27,$M27)>0,スコアリング基準!$C$22,0)))) | T27: =IF($O27="可",スコアリング基準!$C$23,0) | U27: =IF(OR(COUNT($K27:$L27)<2,$K27=0),0,IF(ABS($L27)/$K27<=スコアリング基準!$B$24,スコアリング基準!$C$24,IF(ABS($L27)/$K27<=スコアリング基準!$B$25,スコアリング基準!$C$25,IF(ABS($L27)/$K27<=スコアリング基準!$B$26,スコアリング基準!$C$26,0)))) | V27: =IF($P27="なし",スコアリング基準!$C$27,0) | W27: =IF($F27="",0,IF(ISNUMBER($F27),IF($F27<=スコアリング基準!$B$28,スコアリング基準!$C$28,スコアリング基準!$C$29),0)) | X27: =IFERROR(VLOOKUP($B27,スコアリング基準!$A$36:$B$46,2,FALSE),0) | Y27: =SUM($S27:$X27) | Z27: =IF(COUNT($M27:$N27)=0,"データ無",IF($Y27>=スコアリング基準!$B$30,"S",IF($Y27>=スコアリング基準!$B$31,"A",IF($Y27>=スコアリング基準!$B$32,"B","C")))) | AA27: =IFERROR(INDEX(実績DB!$I$3:$I$104,MATCH($B27&$C27,実績DB!$J$3:$J$104,0)),"")
A28: 26 | B28: 北海道 | C28: 室蘭変電所 | D28: 北海道 | E28: 187 | F28: 66 | G28: 42.372421 | H28: 141.03307 | I28: OSM実測 | J28: 300 | K28: 150 | L28: -268 | O28: 可 | P28: 有り | Q28: 北海道室蘭市 | R28: =IF(COUNT($M28:$N28)=0,"",IF(AND(IF($N28<>"",$N28,$M28)<=0,$O28<>"可"),"警告","")) | S28: =IF(COUNT($M28:$N28)=0,0,IF(IF($N28<>"",$N28,$M28)>=スコアリング基準!$B$20,スコアリング基準!$C$20,IF(IF($N28<>"",$N28,$M28)>=スコアリング基準!$B$21,スコアリング基準!$C$21,IF(IF($N28<>"",$N28,$M28)>0,スコアリング基準!$C$22,0)))) | T28: =IF($O28="可",スコアリング基準!$C$23,0) | U28: =IF(OR(COUNT($K28:$L28)<2,$K28=0),0,IF(ABS($L28)/$K28<=スコアリング基準!$B$24,スコアリング基準!$C$24,IF(ABS($L28)/$K28<=スコアリング基準!$B$25,スコアリング基準!$C$25,IF(ABS($L28)/$K28<=スコアリング基準!$B$26,スコアリング基準!$C$26,0)))) | V28: =IF($P28="なし",スコアリング基準!$C$27,0) | W28: =IF($F28="",0,IF(ISNUMBER($F28),IF($F28<=スコアリング基準!$B$28,スコアリング基準!$C$28,スコアリング基準!$C$29),0)) | X28: =IFERROR(VLOOKUP($B28,スコアリング基準!$A$36:$B$46,2,FALSE),0) | Y28: =SUM($S28:$X28) | Z28: =IF(COUNT($M28:$N28)=0,"データ無",IF($Y28>=スコアリング基準!$B$30,"S",IF($Y28>=スコアリング基準!$B$31,"A",IF($Y28>=スコアリング基準!$B$32,"B","C")))) | AA28: =IFERROR(INDEX(実績DB!$I$3:$I$104,MATCH($B28&$C28,実績DB!$J$3:$J$104,0)),"")
A29: 27 | B29: 北海道 | C29: 岩清水開閉所 | D29: 北海道 | E29: 187 | G29: 42.510487 | H29: 142.51781 | I29: OSM実測 | R29: =IF(COUNT($M29:$N29)=0,"",IF(AND(IF($N29<>"",$N29,$M29)<=0,$O29<>"可"),"警告","")) | S29: =IF(COUNT($M29:$N29)=0,0,IF(IF($N29<>"",$N29,$M29)>=スコアリング基準!$B$20,スコアリング基準!$C$20,IF(IF($N29<>"",$N29,$M29)>=スコアリング基準!$B$21,スコアリング基準!$C$21,IF(IF($N29<>"",$N29,$M29)>0,スコアリング基準!$C$22,0)))) | T29: =IF($O29="可",スコアリング基準!$C$23,0) | U29: =IF(OR(COUNT($K29:$L29)<2,$K29=0),0,IF(ABS($L29)/$K29<=スコアリング基準!$B$24,スコアリング基準!$C$24,IF(ABS($L29)/$K29<=スコアリング基準!$B$25,スコアリング基準!$C$25,IF(ABS($L29)/$K29<=スコアリング基準!$B$26,スコアリング基準!$C$26,0)))) | V29: =IF($P29="なし",スコアリング基準!$C$27,0) | W29: =IF($F29="",0,IF(ISNUMBER($F29),IF($F29<=スコアリング基準!$B$28,スコアリング基準!$C$28,スコアリング基準!$C$29),0)) | X29: =IFERROR(VLOOKUP($B29,スコアリング基準!$A$36:$B$46,2,FALSE),0) | Y29: =SUM($S29:$X29) | Z29: =IF(COUNT($M29:$N29)=0,"データ無",IF($Y29>=スコアリング基準!$B$30,"S",IF($Y29>=スコアリング基準!$B$31,"A",IF($Y29>=スコアリング基準!$B$32,"B","C")))) | AA29: =IFERROR(INDEX(実績DB!$I$3:$I$104,MATCH($B29&$C29,実績DB!$J$3:$J$104,0)),"")
A30: 28 | B30: 北海道 | C30: 恵庭変電所 | D30: 北海道 | E30: 187 | F30: 66 | G30: 42.931477 | H30: 141.60195 | I30: OSM実測(名称一致) | J30: 500 | K30: 299 | L30: -249 | O30: 可 | P30: なし | Q30: 北海道恵庭市 | R30: =IF(COUNT($M30:$N30)=0,"",IF(AND(IF($N30<>"",$N30,$M30)<=0,$O30<>"可"),"警告","")) | S30: =IF(COUNT($M30:$N30)=0,0,IF(IF($N30<>"",$N30,$M30)>=スコアリング基準!$B$20,スコアリング基準!$C$20,IF(IF($N30<>"",$N30,$M30)>=スコアリング基準!$B$21,スコアリング基準!$C$21,IF(IF($N30<>"",$N30,$M30)>0,スコアリング基準!$C$22,0)))) | T30: =IF($O30="可",スコアリング基準!$C$23,0) | U30: =IF(OR(COUNT($K30:$L30)<2,$K30=0),0,IF(ABS($L30)/$K30<=スコアリング基準!$B$24,スコアリング基準!$C$24,IF(ABS($L30)/$K30<=スコアリング基準!$B$25,スコアリング基準!$C$25,IF(ABS($L30)/$K30<=スコアリング基準!$B$26,スコアリング基準!$C$26,0)))) | V30: =IF($P30="なし",スコアリング基準!$C$27,0) | W30: =IF($F30="",0,IF(ISNUMBER($F30),IF($F30<=スコアリング基準!$B$28,スコアリング基準!$C$28,スコアリング基準!$C$29),0)) | X30: =IFERROR(VLOOKUP($B30,スコアリング基準!$A$36:$B$46,2,FALSE),0) | Y30: =SUM($S30:$X30) | Z30: =IF(COUNT($M30:$N30)=0,"データ無",IF($Y30>=スコアリング基準!$B$30,"S",IF($Y30>=スコアリング基準!$B$31,"A",IF($Y30>=スコアリング基準!$B$32,"B","C")))) | AA30: =IFERROR(INDEX(実績DB!$I$3:$I$104,MATCH($B30&$C30,実績DB!$J$3:$J$104,0)),"")
A31: 29 | B31: 北海道 | C31: 新冠開閉所 | D31: 北海道 | E31: 187 | G31: 42.599765 | H31: 142.54786 | I31: OSM実測 | R31: =IF(COUNT($M31:$N31)=0,"",IF(AND(IF($N31<>"",$N31,$M31)<=0,$O31<>"可"),"警告","")) | S31: =IF(COUNT($M31:$N31)=0,0,IF(IF($N31<>"",$N31,$M31)>=スコアリング基準!$B$20,スコアリング基準!$C$20,IF(IF($N31<>"",$N31,$M31)>=スコアリング基準!$B$21,スコアリング基準!$C$21,IF(IF($N31<>"",$N31,$M31)>0,スコアリング基準!$C$22,0)))) | T31: =IF($O31="可",スコアリング基準!$C$23,0) | U31: =IF(OR(COUNT($K31:$L31)<2,$K31=0),0,IF(ABS($L31)/$K31<=スコアリング基準!$B$24,スコアリング基準!$C$24,IF(ABS($L31)/$K31<=スコアリング基準!$B$25,スコアリング基準!$C$25,IF(ABS($L31)/$K31<=スコアリング基準!$B$26,スコアリング基準!$C$26,0)))) | V31: =IF($P31="なし",スコアリング基準!$C$27,0) | W31: =IF($F31="",0,IF(ISNUMBER($F31),IF($F31<=スコアリング基準!$B$28,スコアリング基準!$C$28,スコアリング基準!$C$29),0)) | X31: =IFERROR(VLOOKUP($B31,スコアリング基準!$A$36:$B$46,2,FALSE),0) | Y31: =SUM($S31:$X31) | Z31: =IF(COUNT($M31:$N31)=0,"データ無",IF($Y31>=スコアリング基準!$B$30,"S",IF($Y31>=スコアリング基準!$B$31,"A",IF($Y31>=スコアリング基準!$B$32,"B","C")))) | AA31: =IFERROR(INDEX(実績DB!$I$3:$I$104,MATCH($B31&$C31,実績DB!$J$3:$J$104,0)),"")
A32: 30 | B32: 北海道 | C32: 旭川変電所 | D32: 北海道 | E32: 187 | F32: 66 | G32: 43.753355 | H32: 142.38782 | I32: OSM実測(名称一致) | J32: 300 | K32: 150 | L32: -60 | O32: 可 | P32: 有り | Q32: 北海道旭川市 | R32: =IF(COUNT($M32:$N32)=0,"",IF(AND(IF($N32<>"",$N32,$M32)<=0,$O32<>"可"),"警告","")) | S32: =IF(COUNT($M32:$N32)=0,0,IF(IF($N32<>"",$N32,$M32)>=スコアリング基準!$B$20,スコアリング基準!$C$20,IF(IF($N32<>"",$N32,$M32)>=スコアリング基準!$B$21,スコアリング基準!$C$21,IF(IF($N32<>"",$N32,$M32)>0,スコアリング基準!$C$22,0)))) | T32: =IF($O32="可",スコアリング基準!$C$23,0) | U32: =IF(OR(COUNT($K32:$L32)<2,$K32=0),0,IF(ABS($L32)/$K32<=スコアリング基準!$B$24,スコアリング基準!$C$24,IF(ABS($L32)/$K32<=スコアリング基準!$B$25,スコアリング基準!$C$25,IF(ABS($L32)/$K32<=スコアリング基準!$B$26,スコアリング基準!$C$26,0)))) | V32: =IF($P32="なし",スコアリング基準!$C$27,0) | W32: =IF($F32="",0,IF(ISNUMBER($F32),IF($F32<=スコアリング基準!$B$28,スコアリング基準!$C$28,スコアリング基準!$C$29),0)) | X32: =IFERROR(VLOOKUP($B32,スコアリング基準!$A$36:$B$46,2,FALSE),0) | Y32: =SUM($S32:$X32) | Z32: =IF(COUNT($M32:$N32)=0,"データ無",IF($Y32>=スコアリング基準!$B$30,"S",IF($Y32>=スコアリング基準!$B$31,"A",IF($Y32>=スコアリング基準!$B$32,"B","C")))) | AA32: =IFERROR(INDEX(実績DB!$I$3:$I$104,MATCH($B32&$C32,実績DB!$J$3:$J$104,0)),"")
A33: 31 | B33: 北海道 | C33: 旭川嵐山開閉所 | D33: 北海道 | E33: 187 | G33: 43.815396 | H33: 142.28055 | I33: OSM実測 | R33: =IF(COUNT($M33:$N33)=0,"",IF(AND(IF($N33<>"",$N33,$M33)<=0,$O33<>"可"),"警告","")) | S33: =IF(COUNT($M33:$N33)=0,0,IF(IF($N33<>"",$N33,$M33)>=スコアリング基準!$B$20,スコアリング基準!$C$20,IF(IF($N33<>"",$N33,$M33)>=スコアリング基準!$B$21,スコアリング基準!$C$21,IF(IF($N33<>"",$N33,$M33)>0,スコアリング基準!$C$22,0)))) | T33: =IF($O33="可",スコアリング基準!$C$23,0) | U33: =IF(OR(COUNT($K33:$L33)<2,$K33=0),0,IF(ABS($L33)/$K33<=スコアリング基準!$B$24,スコアリング基準!$C$24,IF(ABS($L33)/$K33<=スコアリング基準!$B$25,スコアリング基準!$C$25,IF(ABS($L33)/$K33<=スコアリング基準!$B$26,スコアリング基準!$C$26,0)))) | V33: =IF($P33="なし",スコアリング基準!$C$27,0) | W33: =IF($F33="",0,IF(ISNUMBER($F33),IF($F33<=スコアリング基準!$B$28,スコアリング基準!$C$28,スコアリング基準!$C$29),0)) | X33: =IFERROR(VLOOKUP($B33,スコアリング基準!$A$36:$B$46,2,FALSE),0) | Y33: =SUM($S33:$X33) | Z33: =IF(COUNT($M33:$N33)=0,"データ無",IF($Y33>=スコアリング基準!$B$30,"S",IF($Y33>=スコアリング基準!$B$31,"A",IF($Y33>=スコアリング基準!$B$32,"B","C")))) | AA33: =IFERROR(INDEX(実績DB!$I$3:$I$104,MATCH($B33&$C33,実績DB!$J$3:$J$104,0)),"")
A34: 32 | B34: 北海道 | C34: 東苫小牧変電所 | D34: 北海道 | E34: 187 | F34: 66 | G34: 42.65 | H34: 141.62 | I34: 推定 | J34: 200 | K34: 100 | L34: -108 | O34: 不可 #1 | P34: 有り | Q34: 北海道苫小牧市東部 | R34: =IF(COUNT($M34:$N34)=0,"",IF(AND(IF($N34<>"",$N34,$M34)<=0,$O34<>"可"),"警告","")) | S34: =IF(COUNT($M34:$N34)=0,0,IF(IF($N34<>"",$N34,$M34)>=スコアリング基準!$B$20,スコアリング基準!$C$20,IF(IF($N34<>"",$N34,$M34)>=スコアリング基準!$B$21,スコアリング基準!$C$21,IF(IF($N34<>"",$N34,$M34)>0,スコアリング基準!$C$22,0)))) | T34: =IF($O34="可",スコアリング基準!$C$23,0) | U34: =IF(OR(COUNT($K34:$L34)<2,$K34=0),0,IF(ABS($L34)/$K34<=スコアリング基準!$B$24,スコアリング基準!$C$24,IF(ABS($L34)/$K34<=スコアリング基準!$B$25,スコアリング基準!$C$25,IF(ABS($L34)/$K34<=スコアリング基準!$B$26,スコアリング基準!$C$26,0)))) | V34: =IF($P34="なし",スコアリング基準!$C$27,0) | W34: =IF($F34="",0,IF(ISNUMBER($F34),IF($F34<=スコアリング基準!$B$28,スコアリング基準!$C$28,スコアリング基準!$C$29),0)) | X34: =IFERROR(VLOOKUP($B34,スコアリング基準!$A$36:$B$46,2,FALSE),0) | Y34: =SUM($S34:$X34) | Z34: =IF(COUNT($M34:$N34)=0,"データ無",IF($Y34>=スコアリング基準!$B$30,"S",IF($Y34>=スコアリング基準!$B$31,"A",IF($Y34>=スコアリング基準!$B$32,"B","C")))) | AA34: =IFERROR(INDEX(実績DB!$I$3:$I$104,MATCH($B34&$C34,実績DB!$J$3:$J$104,0)),"")
A35: 33 | B35: 北海道 | C35: 東釧路変電所 | D35: 北海道 | E35: 187 | F35: 66 | G35: 43.010707 | H35: 144.44655 | I35: OSM実測 | J35: 300 | K35: 198 | L35: -474 | O35: 可 | P35: 有り | Q35: 北海道釧路市東部 | R35: =IF(COUNT($M35:$N35)=0,"",IF(AND(IF($N35<>"",$N35,$M35)<=0,$O35<>"可"),"警告","")) | S35: =IF(COUNT($M35:$N35)=0,0,IF(IF($N35<>"",$N35,$M35)>=スコアリング基準!$B$20,スコアリング基準!$C$20,IF(IF($N35<>"",$N35,$M35)>=スコアリング基準!$B$21,スコアリング基準!$C$21,IF(IF($N35<>"",$N35,$M35)>0,スコアリング基準!$C$22,0)))) | T35: =IF($O35="可",スコアリング基準!$C$23,0) | U35: =IF(OR(COUNT($K35:$L35)<2,$K35=0),0,IF(ABS($L35)/$K35<=スコアリング基準!$B$24,スコアリング基準!$C$24,IF(ABS($L35)/$K35<=スコアリング基準!$B$25,スコアリング基準!$C$25,IF(ABS($L35)/$K35<=スコアリング基準!$B$26,スコアリング基準!$C$26,0)))) | V35: =IF($P35="なし",スコアリング基準!$C$27,0) | W35: =IF($F35="",0,IF(ISNUMBER($F35),IF($F35<=スコアリング基準!$B$28,スコアリング基準!$C$28,スコアリング基準!$C$29),0)) | X35: =IFERROR(VLOOKUP($B35,スコアリング基準!$A$36:$B$46,2,FALSE),0) | Y35: =SUM($S35:$X35) | Z35: =IF(COUNT($M35:$N35)=0,"データ無",IF($Y35>=スコアリング基準!$B$30,"S",IF($Y35>=スコアリング基準!$B$31,"A",IF($Y35>=スコアリング基準!$B$32,"B","C")))) | AA35: =IFERROR(INDEX(実績DB!$I$3:$I$104,MATCH($B35&$C35,実績DB!$J$3:$J$104,0)),"")
A36: 34 | B36: 北海道 | C36: 留辺蘂変電所 | D36: 北海道 | E36: 187 | F36: 66 | G36: 43.77543 | H36: 143.60053 | I36: OSM実測 | J36: 300 | K36: 198 | L36: -331 | O36: 可 | P36: 有り | Q36: 北海道北見市留辺蘂 | R36: =IF(COUNT($M36:$N36)=0,"",IF(AND(IF($N36<>"",$N36,$M36)<=0,$O36<>"可"),"警告","")) | S36: =IF(COUNT($M36:$N36)=0,0,IF(IF($N36<>"",$N36,$M36)>=スコアリング基準!$B$20,スコアリング基準!$C$20,IF(IF($N36<>"",$N36,$M36)>=スコアリング基準!$B$21,スコアリング基準!$C$21,IF(IF($N36<>"",$N36,$M36)>0,スコアリング基準!$C$22,0)))) | T36: =IF($O36="可",スコアリング基準!$C$23,0) | U36: =IF(OR(COUNT($K36:$L36)<2,$K36=0),0,IF(ABS($L36)/$K36<=スコアリング基準!$B$24,スコアリング基準!$C$24,IF(ABS($L36)/$K36<=スコアリング基準!$B$25,スコアリング基準!$C$25,IF(ABS($L36)/$K36<=スコアリング基準!$B$26,スコアリング基準!$C$26,0)))) | V36: =IF($P36="なし",スコアリング基準!$C$27,0) | W36: =IF($F36="",0,IF(ISNUMBER($F36),IF($F36<=スコアリング基準!$B$28,スコアリング基準!$C$28,スコアリング基準!$C$29),0)) | X36: =IFERROR(VLOOKUP($B36,スコアリング基準!$A$36:$B$46,2,FALSE),0) | Y36: =SUM($S36:$X36) | Z36: =IF(COUNT($M36:$N36)=0,"データ無",IF($Y36>=スコアリング基準!$B$30,"S",IF($Y36>=スコアリング基準!$B$31,"A",IF($Y36>=スコアリング基準!$B$32,"B","C")))) | AA36: =IFERROR(INDEX(実績DB!$I$3:$I$104,MATCH($B36&$C36,実績DB!$J$3:$J$104,0)),"")
A37: 35 | B37: 北海道 | C37: 篠路変電所 | D37: 北海道 | E37: 187 | F37: 66 | G37: 43.138575 | H37: 141.37443 | I37: OSM実測(名称一致) | J37: 400 | K37: 200 | L37: 82 | O37: 可 | P37: なし | Q37: 北海道札幌市北区 | R37: =IF(COUNT($M37:$N37)=0,"",IF(AND(IF($N37<>"",$N37,$M37)<=0,$O37<>"可"),"警告","")) | S37: =IF(COUNT($M37:$N37)=0,0,IF(IF($N37<>"",$N37,$M37)>=スコアリング基準!$B$20,スコアリング基準!$C$20,IF(IF($N37<>"",$N37,$M37)>=スコアリング基準!$B$21,スコアリング基準!$C$21,IF(IF($N37<>"",$N37,$M37)>0,スコアリング基準!$C$22,0)))) | T37: =IF($O37="可",スコアリング基準!$C$23,0) | U37: =IF(OR(COUNT($K37:$L37)<2,$K37=0),0,IF(ABS($L37)/$K37<=スコアリング基準!$B$24,スコアリング基準!$C$24,IF(ABS($L37)/$K37<=スコアリング基準!$B$25,スコアリング基準!$C$25,IF(ABS($L37)/$K37<=スコアリング基準!$B$26,スコアリング基準!$C$26,0)))) | V37: =IF($P37="なし",スコアリング基準!$C$27,0) | W37: =IF($F37="",0,IF(ISNUMBER($F37),IF($F37<=スコアリング基準!$B$28,スコアリング基準!$C$28,スコアリング基準!$C$29),0)) | X37: =IFERROR(VLOOKUP($B37,スコアリング基準!$A$36:$B$46,2,FALSE),0) | Y37: =SUM($S37:$X37) | Z37: =IF(COUNT($M37:$N37)=0,"データ無",IF($Y37>=スコアリング基準!$B$30,"S",IF($Y37>=スコアリング基準!$B$31,"A",IF($Y37>=スコアリング基準!$B$32,"B","C")))) | AA37: =IFERROR(INDEX(実績DB!$I$3:$I$104,MATCH($B37&$C37,実績DB!$J$3:$J$104,0)),"")
A38: 36 | B38: 北海道 | C38: 苗穂変電所 | D38: 北海道 | E38: 187 | F38: 66 | G38: 43.092594 | H38: 141.40321 | I38: OSM実測 | J38: 600 | K38: 398 | L38: 81 | O38: 可 | P38: なし | Q38: 北海道札幌市東区 | R38: =IF(COUNT($M38:$N38)=0,"",IF(AND(IF($N38<>"",$N38,$M38)<=0,$O38<>"可"),"警告","")) | S38: =IF(COUNT($M38:$N38)=0,0,IF(IF($N38<>"",$N38,$M38)>=スコアリング基準!$B$20,スコアリング基準!$C$20,IF(IF($N38<>"",$N38,$M38)>=スコアリング基準!$B$21,スコアリング基準!$C$21,IF(IF($N38<>"",$N38,$M38)>0,スコアリング基準!$C$22,0)))) | T38: =IF($O38="可",スコアリング基準!$C$23,0) | U38: =IF(OR(COUNT($K38:$L38)<2,$K38=0),0,IF(ABS($L38)/$K38<=スコアリング基準!$B$24,スコアリング基準!$C$24,IF(ABS($L38)/$K38<=スコアリング基準!$B$25,スコアリング基準!$C$25,IF(ABS($L38)/$K38<=スコアリング基準!$B$26,スコアリング基準!$C$26,0)))) | V38: =IF($P38="なし",スコアリング基準!$C$27,0) | W38: =IF($F38="",0,IF(ISNUMBER($F38),IF($F38<=スコアリング基準!$B$28,スコアリング基準!$C$28,スコアリング基準!$C$29),0)) | X38: =IFERROR(VLOOKUP($B38,スコアリング基準!$A$36:$B$46,2,FALSE),0) | Y38: =SUM($S38:$X38) | Z38: =IF(COUNT($M38:$N38)=0,"データ無",IF($Y38>=スコアリング基準!$B$30,"S",IF($Y38>=スコアリング基準!$B$31,"A",IF($Y38>=スコアリング基準!$B$32,"B","C")))) | AA38: =IFERROR(INDEX(実績DB!$I$3:$I$104,MATCH($B38&$C38,実績DB!$J$3:$J$104,0)),"")
A39: 37 | B39: 北海道 | C39: 苫小牧変電所 | D39: 北海道 | E39: 187 | F39: 66 | G39: 42.634946 | H39: 141.55665 | I39: OSM実測 | J39: 350 | K39: 199 | L39: -305 | O39: 可 | P39: 有り | Q39: 北海道苫小牧市 | R39: =IF(COUNT($M39:$N39)=0,"",IF(AND(IF($N39<>"",$N39,$M39)<=0,$O39<>"可"),"警告","")) | S39: =IF(COUNT($M39:$N39)=0,0,IF(IF($N39<>"",$N39,$M39)>=スコアリング基準!$B$20,スコアリング基準!$C$20,IF(IF($N39<>"",$N39,$M39)>=スコアリング基準!$B$21,スコアリング基準!$C$21,IF(IF($N39<>"",$N39,$M39)>0,スコアリング基準!$C$22,0)))) | T39: =IF($O39="可",スコアリング基準!$C$23,0) | U39: =IF(OR(COUNT($K39:$L39)<2,$K39=0),0,IF(ABS($L39)/$K39<=スコアリング基準!$B$24,スコアリング基準!$C$24,IF(ABS($L39)/$K39<=スコアリング基準!$B$25,スコアリング基準!$C$25,IF(ABS($L39)/$K39<=スコアリング基準!$B$26,スコアリング基準!$C$26,0)))) | V39: =IF($P39="なし",スコアリング基準!$C$27,0) | W39: =IF($F39="",0,IF(ISNUMBER($F39),IF($F39<=スコアリング基準!$B$28,スコアリング基準!$C$28,スコアリング基準!$C$29),0)) | X39: =IFERROR(VLOOKUP($B39,スコアリング基準!$A$36:$B$46,2,FALSE),0) | Y39: =SUM($S39:$X39) | Z39: =IF(COUNT($M39:$N39)=0,"データ無",IF($Y39>=スコアリング基準!$B$30,"S",IF($Y39>=スコアリング基準!$B$31,"A",IF($Y39>=スコアリング基準!$B$32,"B","C")))) | AA39: =IFERROR(INDEX(実績DB!$I$3:$I$104,MATCH($B39&$C39,実績DB!$J$3:$J$104,0)),"")
A40: 38 | B40: 北海道 | C40: 西中川変電所 | D40: 北海道 | E40: 187 | F40: 100 | G40: 44.831234 | H40: 142.03421 | I40: OSM実測(名称一致) | J40: 200 | K40: 100 | L40: -160 | O40: 不可 #3、#5 | P40: 有り | Q40: 北海道中川町 | R40: =IF(COUNT($M40:$N40)=0,"",IF(AND(IF($N40<>"",$N40,$M40)<=0,$O40<>"可"),"警告","")) | S40: =IF(COUNT($M40:$N40)=0,0,IF(IF($N40<>"",$N40,$M40)>=スコアリング基準!$B$20,スコアリング基準!$C$20,IF(IF($N40<>"",$N40,$M40)>=スコアリング基準!$B$21,スコアリング基準!$C$21,IF(IF($N40<>"",$N40,$M40)>0,スコアリング基準!$C$22,0)))) | T40: =IF($O40="可",スコアリング基準!$C$23,0) | U40: =IF(OR(COUNT($K40:$L40)<2,$K40=0),0,IF(ABS($L40)/$K40<=スコアリング基準!$B$24,スコアリング基準!$C$24,IF(ABS($L40)/$K40<=スコアリング基準!$B$25,スコアリング基準!$C$25,IF(ABS($L40)/$K40<=スコアリング基準!$B$26,スコアリング基準!$C$26,0)))) | V40: =IF($P40="なし",スコアリング基準!$C$27,0) | W40: =IF($F40="",0,IF(ISNUMBER($F40),IF($F40<=スコアリング基準!$B$28,スコアリング基準!$C$28,スコアリング基準!$C$29),0)) | X40: =IFERROR(VLOOKUP($B40,スコアリング基準!$A$36:$B$46,2,FALSE),0) | Y40: =SUM($S40:$X40) | Z40: =IF(COUNT($M40:$N40)=0,"データ無",IF($Y40>=スコアリング基準!$B$30,"S",IF($Y40>=スコアリング基準!$B$31,"A",IF($Y40>=スコアリング基準!$B$32,"B","C")))) | AA40: =IFERROR(INDEX(実績DB!$I$3:$I$104,MATCH($B40&$C40,実績DB!$J$3:$J$104,0)),"")
A41: 39 | B41: 北海道 | C41: 西伊達変電所 | D41: 北海道 | E41: 187 | F41: 66 | G41: 42.48 | H41: 140.87 | I41: 推定 | J41: 60 | K41: 60 | L41: -126 | O41: 不可 #2 | P41: 有り | Q41: 北海道伊達市 | R41: =IF(COUNT($M41:$N41)=0,"",IF(AND(IF($N41<>"",$N41,$M41)<=0,$O41<>"可"),"警告","")) | S41: =IF(COUNT($M41:$N41)=0,0,IF(IF($N41<>"",$N41,$M41)>=スコアリング基準!$B$20,スコアリング基準!$C$20,IF(IF($N41<>"",$N41,$M41)>=スコアリング基準!$B$21,スコアリング基準!$C$21,IF(IF($N41<>"",$N41,$M41)>0,スコアリング基準!$C$22,0)))) | T41: =IF($O41="可",スコアリング基準!$C$23,0) | U41: =IF(OR(COUNT($K41:$L41)<2,$K41=0),0,IF(ABS($L41)/$K41<=スコアリング基準!$B$24,スコアリング基準!$C$24,IF(ABS($L41)/$K41<=スコアリング基準!$B$25,スコアリング基準!$C$25,IF(ABS($L41)/$K41<=スコアリング基準!$B$26,スコアリング基準!$C$26,0)))) | V41: =IF($P41="なし",スコアリング基準!$C$27,0) | W41: =IF($F41="",0,IF(ISNUMBER($F41),IF($F41<=スコアリング基準!$B$28,スコアリング基準!$C$28,スコアリング基準!$C$29),0)) | X41: =IFERROR(VLOOKUP($B41,スコアリング基準!$A$36:$B$46,2,FALSE),0) | Y41: =SUM($S41:$X41) | Z41: =IF(COUNT($M41:$N41)=0,"データ無",IF($Y41>=スコアリング基準!$B$30,"S",IF($Y41>=スコアリング基準!$B$31,"A",IF($Y41>=スコアリング基準!$B$32,"B","C")))) | AA41: =IFERROR(INDEX(実績DB!$I$3:$I$104,MATCH($B41&$C41,実績DB!$J$3:$J$104,0)),"")
A42: 40 | B42: 北海道 | C42: 西名寄変電所 | D42: 北海道 | E42: 187 | F42: 66 | G42: 44.344949 | H42: 142.41858 | I42: OSM実測 | J42: 200 | K42: 100 | L42: -233 | O42: 不可 #3、#5 | P42: 有り | Q42: 北海道名寄市 | R42: =IF(COUNT($M42:$N42)=0,"",IF(AND(IF($N42<>"",$N42,$M42)<=0,$O42<>"可"),"警告","")) | S42: =IF(COUNT($M42:$N42)=0,0,IF(IF($N42<>"",$N42,$M42)>=スコアリング基準!$B$20,スコアリング基準!$C$20,IF(IF($N42<>"",$N42,$M42)>=スコアリング基準!$B$21,スコアリング基準!$C$21,IF(IF($N42<>"",$N42,$M42)>0,スコアリング基準!$C$22,0)))) | T42: =IF($O42="可",スコアリング基準!$C$23,0) | U42: =IF(OR(COUNT($K42:$L42)<2,$K42=0),0,IF(ABS($L42)/$K42<=スコアリング基準!$B$24,スコアリング基準!$C$24,IF(ABS($L42)/$K42<=スコアリング基準!$B$25,スコアリング基準!$C$25,IF(ABS($L42)/$K42<=スコアリング基準!$B$26,スコアリング基準!$C$26,0)))) | V42: =IF($P42="なし",スコアリング基準!$C$27,0) | W42: =IF($F42="",0,IF(ISNUMBER($F42),IF($F42<=スコアリング基準!$B$28,スコアリング基準!$C$28,スコアリング基準!$C$29),0)) | X42: =IFERROR(VLOOKUP($B42,スコアリング基準!$A$36:$B$46,2,FALSE),0) | Y42: =SUM($S42:$X42) | Z42: =IF(COUNT($M42:$N42)=0,"データ無",IF($Y42>=スコアリング基準!$B$30,"S",IF($Y42>=スコアリング基準!$B$31,"A",IF($Y42>=スコアリング基準!$B$32,"B","C")))) | AA42: =IFERROR(INDEX(実績DB!$I$3:$I$104,MATCH($B42&$C42,実績DB!$J$3:$J$104,0)),"")
A43: 41 | B43: 北海道 | C43: 西室蘭開閉所 | D43: 北海道 | E43: 187 | G43: 42.401664 | H43: 140.9945 | I43: OSM実測 | R43: =IF(COUNT($M43:$N43)=0,"",IF(AND(IF($N43<>"",$N43,$M43)<=0,$O43<>"可"),"警告","")) | S43: =IF(COUNT($M43:$N43)=0,0,IF(IF($N43<>"",$N43,$M43)>=スコアリング基準!$B$20,スコアリング基準!$C$20,IF(IF($N43<>"",$N43,$M43)>=スコアリング基準!$B$21,スコアリング基準!$C$21,IF(IF($N43<>"",$N43,$M43)>0,スコアリング基準!$C$22,0)))) | T43: =IF($O43="可",スコアリング基準!$C$23,0) | U43: =IF(OR(COUNT($K43:$L43)<2,$K43=0),0,IF(ABS($L43)/$K43<=スコアリング基準!$B$24,スコアリング基準!$C$24,IF(ABS($L43)/$K43<=スコアリング基準!$B$25,スコアリング基準!$C$25,IF(ABS($L43)/$K43<=スコアリング基準!$B$26,スコアリング基準!$C$26,0)))) | V43: =IF($P43="なし",スコアリング基準!$C$27,0) | W43: =IF($F43="",0,IF(ISNUMBER($F43),IF($F43<=スコアリング基準!$B$28,スコアリング基準!$C$28,スコアリング基準!$C$29),0)) | X43: =IFERROR(VLOOKUP($B43,スコアリング基準!$A$36:$B$46,2,FALSE),0) | Y43: =SUM($S43:$X43) | Z43: =IF(COUNT($M43:$N43)=0,"データ無",IF($Y43>=スコアリング基準!$B$30,"S",IF($Y43>=スコアリング基準!$B$31,"A",IF($Y43>=スコアリング基準!$B$32,"B","C")))) | AA43: =IFERROR(INDEX(実績DB!$I$3:$I$104,MATCH($B43&$C43,実績DB!$J$3:$J$104,0)),"")
A44: 42 | B44: 北海道 | C44: 西小樽変電所 | D44: 北海道 | E44: 187 | F44: 66 | G44: 43.204883 | H44: 140.9569 | I44: OSM実測(名称一致) | J44: 350 | K44: 198 | L44: -174 | O44: 可 | P44: なし | Q44: 北海道小樽市 | R44: =IF(COUNT($M44:$N44)=0,"",IF(AND(IF($N44<>"",$N44,$M44)<=0,$O44<>"可"),"警告","")) | S44: =IF(COUNT($M44:$N44)=0,0,IF(IF($N44<>"",$N44,$M44)>=スコアリング基準!$B$20,スコアリング基準!$C$20,IF(IF($N44<>"",$N44,$M44)>=スコアリング基準!$B$21,スコアリング基準!$C$21,IF(IF($N44<>"",$N44,$M44)>0,スコアリング基準!$C$22,0)))) | T44: =IF($O44="可",スコアリング基準!$C$23,0) | U44: =IF(OR(COUNT($K44:$L44)<2,$K44=0),0,IF(ABS($L44)/$K44<=スコアリング基準!$B$24,スコアリング基準!$C$24,IF(ABS($L44)/$K44<=スコアリング基準!$B$25,スコアリング基準!$C$25,IF(ABS($L44)/$K44<=スコアリング基準!$B$26,スコアリング基準!$C$26,0)))) | V44: =IF($P44="なし",スコアリング基準!$C$27,0) | W44: =IF($F44="",0,IF(ISNUMBER($F44),IF($F44<=スコアリング基準!$B$28,スコアリング基準!$C$28,スコアリング基準!$C$29),0)) | X44: =IFERROR(VLOOKUP($B44,スコアリング基準!$A$36:$B$46,2,FALSE),0) | Y44: =SUM($S44:$X44) | Z44: =IF(COUNT($M44:$N44)=0,"データ無",IF($Y44>=スコアリング基準!$B$30,"S",IF($Y44>=スコアリング基準!$B$31,"A",IF($Y44>=スコアリング基準!$B$32,"B","C")))) | AA44: =IFERROR(INDEX(実績DB!$I$3:$I$104,MATCH($B44&$C44,実績DB!$J$3:$J$104,0)),"")
A45: 43 | B45: 北海道 | C45: 西旭川変電所 | D45: 北海道 | E45: 187 | F45: 66 | G45: 43.806071 | H45: 142.32277 | I45: OSM実測 | J45: 300 | K45: 195 | L45: 41 | O45: 可 | P45: 有り | Q45: 北海道旭川市 | R45: =IF(COUNT($M45:$N45)=0,"",IF(AND(IF($N45<>"",$N45,$M45)<=0,$O45<>"可"),"警告","")) | S45: =IF(COUNT($M45:$N45)=0,0,IF(IF($N45<>"",$N45,$M45)>=スコアリング基準!$B$20,スコアリング基準!$C$20,IF(IF($N45<>"",$N45,$M45)>=スコアリング基準!$B$21,スコアリング基準!$C$21,IF(IF($N45<>"",$N45,$M45)>0,スコアリング基準!$C$22,0)))) | T45: =IF($O45="可",スコアリング基準!$C$23,0) | U45: =IF(OR(COUNT($K45:$L45)<2,$K45=0),0,IF(ABS($L45)/$K45<=スコアリング基準!$B$24,スコアリング基準!$C$24,IF(ABS($L45)/$K45<=スコアリング基準!$B$25,スコアリング基準!$C$25,IF(ABS($L45)/$K45<=スコアリング基準!$B$26,スコアリング基準!$C$26,0)))) | V45: =IF($P45="なし",スコアリング基準!$C$27,0) | W45: =IF($F45="",0,IF(ISNUMBER($F45),IF($F45<=スコアリング基準!$B$28,スコアリング基準!$C$28,スコアリング基準!$C$29),0)) | X45: =IFERROR(VLOOKUP($B45,スコアリング基準!$A$36:$B$46,2,FALSE),0) | Y45: =SUM($S45:$X45) | Z45: =IF(COUNT($M45:$N45)=0,"データ無",IF($Y45>=スコアリング基準!$B$30,"S",IF($Y45>=スコアリング基準!$B$31,"A",IF($Y45>=スコアリング基準!$B$32,"B","C")))) | AA45: =IFERROR(INDEX(実績DB!$I$3:$I$104,MATCH($B45&$C45,実績DB!$J$3:$J$104,0)),"")
A46: 44 | B46: 北海道 | C46: 西春別変電所 | D46: 北海道 | E46: 187 | F46: 66 | G46: 43.396661 | H46: 144.80681 | I46: OSM実測 | J46: 200 | K46: 100 | L46: -307 | O46: 可 | P46: 有り | Q46: 北海道別海町 | R46: =IF(COUNT($M46:$N46)=0,"",IF(AND(IF($N46<>"",$N46,$M46)<=0,$O46<>"可"),"警告","")) | S46: =IF(COUNT($M46:$N46)=0,0,IF(IF($N46<>"",$N46,$M46)>=スコアリング基準!$B$20,スコアリング基準!$C$20,IF(IF($N46<>"",$N46,$M46)>=スコアリング基準!$B$21,スコアリング基準!$C$21,IF(IF($N46<>"",$N46,$M46)>0,スコアリング基準!$C$22,0)))) | T46: =IF($O46="可",スコアリング基準!$C$23,0) | U46: =IF(OR(COUNT($K46:$L46)<2,$K46=0),0,IF(ABS($L46)/$K46<=スコアリング基準!$B$24,スコアリング基準!$C$24,IF(ABS($L46)/$K46<=スコアリング基準!$B$25,スコアリング基準!$C$25,IF(ABS($L46)/$K46<=スコアリング基準!$B$26,スコアリング基準!$C$26,0)))) | V46: =IF($P46="なし",スコアリング基準!$C$27,0) | W46: =IF($F46="",0,IF(ISNUMBER($F46),IF($F46<=スコアリング基準!$B$28,スコアリング基準!$C$28,スコアリング基準!$C$29),0)) | X46: =IFERROR(VLOOKUP($B46,スコアリング基準!$A$36:$B$46,2,FALSE),0) | Y46: =SUM($S46:$X46) | Z46: =IF(COUNT($M46:$N46)=0,"データ無",IF($Y46>=スコアリング基準!$B$30,"S",IF($Y46>=スコアリング基準!$B$31,"A",IF($Y46>=スコアリング基準!$B$32,"B","C")))) | AA46: =IFERROR(INDEX(実績DB!$I$3:$I$104,MATCH($B46&$C46,実績DB!$J$3:$J$104,0)),"")
A47: 45 | B47: 北海道 | C47: 西札幌変電所 | D47: 北海道 | E47: 187 | F47: 66 | G47: 43.121399 | H47: 141.28345 | I47: OSM実測 | J47: 800 | K47: 575 | L47: -486 | O47: 可 | P47: なし | Q47: 北海道札幌市西区 | R47: =IF(COUNT($M47:$N47)=0,"",IF(AND(IF($N47<>"",$N47,$M47)<=0,$O47<>"可"),"警告","")) | S47: =IF(COUNT($M47:$N47)=0,0,IF(IF($N47<>"",$N47,$M47)>=スコアリング基準!$B$20,スコアリング基準!$C$20,IF(IF($N47<>"",$N47,$M47)>=スコアリング基準!$B$21,スコアリング基準!$C$21,IF(IF($N47<>"",$N47,$M47)>0,スコアリング基準!$C$22,0)))) | T47: =IF($O47="可",スコアリング基準!$C$23,0) | U47: =IF(OR(COUNT($K47:$L47)<2,$K47=0),0,IF(ABS($L47)/$K47<=スコアリング基準!$B$24,スコアリング基準!$C$24,IF(ABS($L47)/$K47<=スコアリング基準!$B$25,スコアリング基準!$C$25,IF(ABS($L47)/$K47<=スコアリング基準!$B$26,スコアリング基準!$C$26,0)))) | V47: =IF($P47="なし",スコアリング基準!$C$27,0) | W47: =IF($F47="",0,IF(ISNUMBER($F47),IF($F47<=スコアリング基準!$B$28,スコアリング基準!$C$28,スコアリング基準!$C$29),0)) | X47: =IFERROR(VLOOKUP($B47,スコアリング基準!$A$36:$B$46,2,FALSE),0) | Y47: =SUM($S47:$X47) | Z47: =IF(COUNT($M47:$N47)=0,"データ無",IF($Y47>=スコアリング基準!$B$30,"S",IF($Y47>=スコアリング基準!$B$31,"A",IF($Y47>=スコアリング基準!$B$32,"B","C")))) | AA47: =IFERROR(INDEX(実績DB!$I$3:$I$104,MATCH($B47&$C47,実績DB!$J$3:$J$104,0)),"")
A48: 46 | B48: 北海道 | C48: 西滝川変電所 | D48: 北海道 | E48: 187 | F48: 66 | G48: 43.56 | H48: 141.95 | I48: 推定 | J48: 300 | K48: 150 | L48: -357 | O48: 可 | P48: 有り | Q48: 北海道滝川市 | R48: =IF(COUNT($M48:$N48)=0,"",IF(AND(IF($N48<>"",$N48,$M48)<=0,$O48<>"可"),"警告","")) | S48: =IF(COUNT($M48:$N48)=0,0,IF(IF($N48<>"",$N48,$M48)>=スコアリング基準!$B$20,スコアリング基準!$C$20,IF(IF($N48<>"",$N48,$M48)>=スコアリング基準!$B$21,スコアリング基準!$C$21,IF(IF($N48<>"",$N48,$M48)>0,スコアリング基準!$C$22,0)))) | T48: =IF($O48="可",スコアリング基準!$C$23,0) | U48: =IF(OR(COUNT($K48:$L48)<2,$K48=0),0,IF(ABS($L48)/$K48<=スコアリング基準!$B$24,スコアリング基準!$C$24,IF(ABS($L48)/$K48<=スコアリング基準!$B$25,スコアリング基準!$C$25,IF(ABS($L48)/$K48<=スコアリング基準!$B$26,スコアリング基準!$C$26,0)))) | V48: =IF($P48="なし",スコアリング基準!$C$27,0) | W48: =IF($F48="",0,IF(ISNUMBER($F48),IF($F48<=スコアリング基準!$B$28,スコアリング基準!$C$28,スコアリング基準!$C$29),0)) | X48: =IFERROR(VLOOKUP($B48,スコアリング基準!$A$36:$B$46,2,FALSE),0) | Y48: =SUM($S48:$X48) | Z48: =IF(COUNT($M48:$N48)=0,"データ無",IF($Y48>=スコアリング基準!$B$30,"S",IF($Y48>=スコアリング基準!$B$31,"A",IF($Y48>=スコアリング基準!$B$32,"B","C")))) | AA48: =IFERROR(INDEX(実績DB!$I$3:$I$104,MATCH($B48&$C48,実績DB!$J$3:$J$104,0)),"")
A49: 47 | B49: 北海道 | C49: 西音更変電所 | D49: 北海道 | E49: 187 | F49: 66 | G49: 42.976073 | H49: 143.15187 | I49: OSM実測 | J49: 300 | K49: 199 | L49: -194 | O49: 可 | P49: 有り | Q49: 北海道音更町 | R49: =IF(COUNT($M49:$N49)=0,"",IF(AND(IF($N49<>"",$N49,$M49)<=0,$O49<>"可"),"警告","")) | S49: =IF(COUNT($M49:$N49)=0,0,IF(IF($N49<>"",$N49,$M49)>=スコアリング基準!$B$20,スコアリング基準!$C$20,IF(IF($N49<>"",$N49,$M49)>=スコアリング基準!$B$21,スコアリング基準!$C$21,IF(IF($N49<>"",$N49,$M49)>0,スコアリング基準!$C$22,0)))) | T49: =IF($O49="可",スコアリング基準!$C$23,0) | U49: =IF(OR(COUNT($K49:$L49)<2,$K49=0),0,IF(ABS($L49)/$K49<=スコアリング基準!$B$24,スコアリング基準!$C$24,IF(ABS($L49)/$K49<=スコアリング基準!$B$25,スコアリング基準!$C$25,IF(ABS($L49)/$K49<=スコアリング基準!$B$26,スコアリング基準!$C$26,0)))) | V49: =IF($P49="なし",スコアリング基準!$C$27,0) | W49: =IF($F49="",0,IF(ISNUMBER($F49),IF($F49<=スコアリング基準!$B$28,スコアリング基準!$C$28,スコアリング基準!$C$29),0)) | X49: =IFERROR(VLOOKUP($B49,スコアリング基準!$A$36:$B$46,2,FALSE),0) | Y49: =SUM($S49:$X49) | Z49: =IF(COUNT($M49:$N49)=0,"データ無",IF($Y49>=スコアリング基準!$B$30,"S",IF($Y49>=スコアリング基準!$B$31,"A",IF($Y49>=スコアリング基準!$B$32,"B","C")))) | AA49: =IFERROR(INDEX(実績DB!$I$3:$I$104,MATCH($B49&$C49,実績DB!$J$3:$J$104,0)),"")
A50: 48 | B50: 北海道 | C50: 電源開発株式会社北地域制御所 | D50: 北海道 | E50: 187 | G50: 41.931989 | H50: 140.66366 | I50: OSM実測 | R50: =IF(COUNT($M50:$N50)=0,"",IF(AND(IF($N50<>"",$N50,$M50)<=0,$O50<>"可"),"警告","")) | S50: =IF(COUNT($M50:$N50)=0,0,IF(IF($N50<>"",$N50,$M50)>=スコアリング基準!$B$20,スコアリング基準!$C$20,IF(IF($N50<>"",$N50,$M50)>=スコアリング基準!$B$21,スコアリング基準!$C$21,IF(IF($N50<>"",$N50,$M50)>0,スコアリング基準!$C$22,0)))) | T50: =IF($O50="可",スコアリング基準!$C$23,0) | U50: =IF(OR(COUNT($K50:$L50)<2,$K50=0),0,IF(ABS($L50)/$K50<=スコアリング基準!$B$24,スコアリング基準!$C$24,IF(ABS($L50)/$K50<=スコアリング基準!$B$25,スコアリング基準!$C$25,IF(ABS($L50)/$K50<=スコアリング基準!$B$26,スコアリング基準!$C$26,0)))) | V50: =IF($P50="なし",スコアリング基準!$C$27,0) | W50: =IF($F50="",0,IF(ISNUMBER($F50),IF($F50<=スコアリング基準!$B$28,スコアリング基準!$C$28,スコアリング基準!$C$29),0)) | X50: =IFERROR(VLOOKUP($B50,スコアリング基準!$A$36:$B$46,2,FALSE),0) | Y50: =SUM($S50:$X50) | Z50: =IF(COUNT($M50:$N50)=0,"データ無",IF($Y50>=スコアリング基準!$B$30,"S",IF($Y50>=スコアリング基準!$B$31,"A",IF($Y50>=スコアリング基準!$B$32,"B","C")))) | AA50: =IFERROR(INDEX(実績DB!$I$3:$I$104,MATCH($B50&$C50,実績DB!$J$3:$J$104,0)),"")
A51: 49 | B51: 北海道 | C51: 愛別変電所 | D51: 北海道 | E51: 110 | G51: 43.884237 | H51: 142.6593 | I51: OSM実測 | J51: 6 | K51: 6 | L51: -6 | O51: 不可 #2 | P51: 有り | R51: =IF(COUNT($M51:$N51)=0,"",IF(AND(IF($N51<>"",$N51,$M51)<=0,$O51<>"可"),"警告","")) | S51: =IF(COUNT($M51:$N51)=0,0,IF(IF($N51<>"",$N51,$M51)>=スコアリング基準!$B$20,スコアリング基準!$C$20,IF(IF($N51<>"",$N51,$M51)>=スコアリング基準!$B$21,スコアリング基準!$C$21,IF(IF($N51<>"",$N51,$M51)>0,スコアリング基準!$C$22,0)))) | T51: =IF($O51="可",スコアリング基準!$C$23,0) | U51: =IF(OR(COUNT($K51:$L51)<2,$K51=0),0,IF(ABS($L51)/$K51<=スコアリング基準!$B$24,スコアリング基準!$C$24,IF(ABS($L51)/$K51<=スコアリング基準!$B$25,スコアリング基準!$C$25,IF(ABS($L51)/$K51<=スコアリング基準!$B$26,スコアリング基準!$C$26,0)))) | V51: =IF($P51="なし",スコアリング基準!$C$27,0) | W51: =IF($F51="",0,IF(ISNUMBER($F51),IF($F51<=スコアリング基準!$B$28,スコアリング基準!$C$28,スコアリング基準!$C$29),0)) | X51: =IFERROR(VLOOKUP($B51,スコアリング基準!$A$36:$B$46,2,FALSE),0) | Y51: =SUM($S51:$X51) | Z51: =IF(COUNT($M51:$N51)=0,"データ無",IF($Y51>=スコアリング基準!$B$30,"S",IF($Y51>=スコアリング基準!$B$31,"A",IF($Y51>=スコアリング基準!$B$32,"B","C")))) | AA51: =IFERROR(INDEX(実績DB!$I$3:$I$104,MATCH($B51&$C51,実績DB!$J$3:$J$104,0)),"")
A52: 50 | B52: 北海道 | C52: 中川変電所 | D52: 北海道 | E52: 100 | G52: 44.842159 | H52: 142.08184 | I52: OSM実測 | J52: 6 | K52: 6 | M52: 6 | N52: 0 | O52: 不可 #3 | P52: 有り | R52: =IF(COUNT($M52:$N52)=0,"",IF(AND(IF($N52<>"",$N52,$M52)<=0,$O52<>"可"),"警告","")) | S52: =IF(COUNT($M52:$N52)=0,0,IF(IF($N52<>"",$N52,$M52)>=スコアリング基準!$B$20,スコアリング基準!$C$20,IF(IF($N52<>"",$N52,$M52)>=スコアリング基準!$B$21,スコアリング基準!$C$21,IF(IF($N52<>"",$N52,$M52)>0,スコアリング基準!$C$22,0)))) | T52: =IF($O52="可",スコアリング基準!$C$23,0) | U52: =IF(OR(COUNT($K52:$L52)<2,$K52=0),0,IF(ABS($L52)/$K52<=スコアリング基準!$B$24,スコアリング基準!$C$24,IF(ABS($L52)/$K52<=スコアリング基準!$B$25,スコアリング基準!$C$25,IF(ABS($L52)/$K52<=スコアリング基準!$B$26,スコアリング基準!$C$26,0)))) | V52: =IF($P52="なし",スコアリング基準!$C$27,0) | W52: =IF($F52="",0,IF(ISNUMBER($F52),IF($F52<=スコアリング基準!$B$28,スコアリング基準!$C$28,スコアリング基準!$C$29),0)) | X52: =IFERROR(VLOOKUP($B52,スコアリング基準!$A$36:$B$46,2,FALSE),0) | Y52: =SUM($S52:$X52) | Z52: =IF(COUNT($M52:$N52)=0,"データ無",IF($Y52>=スコアリング基準!$B$30,"S",IF($Y52>=スコアリング基準!$B$31,"A",IF($Y52>=スコアリング基準!$B$32,"B","C")))) | AA52: =IFERROR(INDEX(実績DB!$I$3:$I$104,MATCH($B52&$C52,実績DB!$J$3:$J$104,0)),"")
A53: 51 | B53: 北海道 | C53: 名寄変電所 | D53: 北海道 | E53: 100 | G53: 44.339286 | H53: 142.45626 | I53: OSM実測 | R53: =IF(COUNT($M53:$N53)=0,"",IF(AND(IF($N53<>"",$N53,$M53)<=0,$O53<>"可"),"警告","")) | S53: =IF(COUNT($M53:$N53)=0,0,IF(IF($N53<>"",$N53,$M53)>=スコアリング基準!$B$20,スコアリング基準!$C$20,IF(IF($N53<>"",$N53,$M53)>=スコアリング基準!$B$21,スコアリング基準!$C$21,IF(IF($N53<>"",$N53,$M53)>0,スコアリング基準!$C$22,0)))) | T53: =IF($O53="可",スコアリング基準!$C$23,0) | U53: =IF(OR(COUNT($K53:$L53)<2,$K53=0),0,IF(ABS($L53)/$K53<=スコアリング基準!$B$24,スコアリング基準!$C$24,IF(ABS($L53)/$K53<=スコアリング基準!$B$25,スコアリング基準!$C$25,IF(ABS($L53)/$K53<=スコアリング基準!$B$26,スコアリング基準!$C$26,0)))) | V53: =IF($P53="なし",スコアリング基準!$C$27,0) | W53: =IF($F53="",0,IF(ISNUMBER($F53),IF($F53<=スコアリング基準!$B$28,スコアリング基準!$C$28,スコアリング基準!$C$29),0)) | X53: =IFERROR(VLOOKUP($B53,スコアリング基準!$A$36:$B$46,2,FALSE),0) | Y53: =SUM($S53:$X53) | Z53: =IF(COUNT($M53:$N53)=0,"データ無",IF($Y53>=スコアリング基準!$B$30,"S",IF($Y53>=スコアリング基準!$B$31,"A",IF($Y53>=スコアリング基準!$B$32,"B","C")))) | AA53: =IFERROR(INDEX(実績DB!$I$3:$I$104,MATCH($B53&$C53,実績DB!$J$3:$J$104,0)),"")
A54: 52 | B54: 北海道 | C54: 咲来変電所 | D54: 北海道 | E54: 100 | G54: 44.695273 | H54: 142.27716 | I54: OSM実測 | J54: 2 | K54: 2 | M54: 2 | N54: 0 | O54: 不可 #3 | P54: 有り | R54: =IF(COUNT($M54:$N54)=0,"",IF(AND(IF($N54<>"",$N54,$M54)<=0,$O54<>"可"),"警告","")) | S54: =IF(COUNT($M54:$N54)=0,0,IF(IF($N54<>"",$N54,$M54)>=スコアリング基準!$B$20,スコアリング基準!$C$20,IF(IF($N54<>"",$N54,$M54)>=スコアリング基準!$B$21,スコアリング基準!$C$21,IF(IF($N54<>"",$N54,$M54)>0,スコアリング基準!$C$22,0)))) | T54: =IF($O54="可",スコアリング基準!$C$23,0) | U54: =IF(OR(COUNT($K54:$L54)<2,$K54=0),0,IF(ABS($L54)/$K54<=スコアリング基準!$B$24,スコアリング基準!$C$24,IF(ABS($L54)/$K54<=スコアリング基準!$B$25,スコアリング基準!$C$25,IF(ABS($L54)/$K54<=スコアリング基準!$B$26,スコアリング基準!$C$26,0)))) | V54: =IF($P54="なし",スコアリング基準!$C$27,0) | W54: =IF($F54="",0,IF(ISNUMBER($F54),IF($F54<=スコアリング基準!$B$28,スコアリング基準!$C$28,スコアリング基準!$C$29),0)) | X54: =IFERROR(VLOOKUP($B54,スコアリング基準!$A$36:$B$46,2,FALSE),0) | Y54: =SUM($S54:$X54) | Z54: =IF(COUNT($M54:$N54)=0,"データ無",IF($Y54>=スコアリング基準!$B$30,"S",IF($Y54>=スコアリング基準!$B$31,"A",IF($Y54>=スコアリング基準!$B$32,"B","C")))) | AA54: =IFERROR(INDEX(実績DB!$I$3:$I$104,MATCH($B54&$C54,実績DB!$J$3:$J$104,0)),"")
A55: 53 | B55: 北海道 | C55: 声問変電所 | D55: 北海道 | E55: 100 | G55: 45.387028 | H55: 141.72491 | I55: OSM実測 | J55: 15 | K55: 15 | M55: 15 | N55: 0 | O55: 不可 #3 | P55: 有り | R55: =IF(COUNT($M55:$N55)=0,"",IF(AND(IF($N55<>"",$N55,$M55)<=0,$O55<>"可"),"警告","")) | S55: =IF(COUNT($M55:$N55)=0,0,IF(IF($N55<>"",$N55,$M55)>=スコアリング基準!$B$20,スコアリング基準!$C$20,IF(IF($N55<>"",$N55,$M55)>=スコアリング基準!$B$21,スコアリング基準!$C$21,IF(IF($N55<>"",$N55,$M55)>0,スコアリング基準!$C$22,0)))) | T55: =IF($O55="可",スコアリング基準!$C$23,0) | U55: =IF(OR(COUNT($K55:$L55)<2,$K55=0),0,IF(ABS($L55)/$K55<=スコアリング基準!$B$24,スコアリング基準!$C$24,IF(ABS($L55)/$K55<=スコアリング基準!$B$25,スコアリング基準!$C$25,IF(ABS($L55)/$K55<=スコアリング基準!$B$26,スコアリング基準!$C$26,0)))) | V55: =IF($P55="なし",スコアリング基準!$C$27,0) | W55: =IF($F55="",0,IF(ISNUMBER($F55),IF($F55<=スコアリング基準!$B$28,スコアリング基準!$C$28,スコアリング基準!$C$29),0)) | X55: =IFERROR(VLOOKUP($B55,スコアリング基準!$A$36:$B$46,2,FALSE),0) | Y55: =SUM($S55:$X55) | Z55: =IF(COUNT($M55:$N55)=0,"データ無",IF($Y55>=スコアリング基準!$B$30,"S",IF($Y55>=スコアリング基準!$B$31,"A",IF($Y55>=スコアリング基準!$B$32,"B","C")))) | AA55: =IFERROR(INDEX(実績DB!$I$3:$I$104,MATCH($B55&$C55,実績DB!$J$3:$J$104,0)),"")
A56: 54 | B56: 北海道 | C56: 小頓別変電所 | D56: 北海道 | E56: 100 | G56: 44.829139 | H56: 142.29847 | I56: OSM実測 | J56: 30 | K56: 30 | L56: -9 | O56: 不可 #2 | P56: 有り | R56: =IF(COUNT($M56:$N56)=0,"",IF(AND(IF($N56<>"",$N56,$M56)<=0,$O56<>"可"),"警告","")) | S56: =IF(COUNT($M56:$N56)=0,0,IF(IF($N56<>"",$N56,$M56)>=スコアリング基準!$B$20,スコアリング基準!$C$20,IF(IF($N56<>"",$N56,$M56)>=スコアリング基準!$B$21,スコアリング基準!$C$21,IF(IF($N56<>"",$N56,$M56)>0,スコアリング基準!$C$22,0)))) | T56: =IF($O56="可",スコアリング基準!$C$23,0) | U56: =IF(OR(COUNT($K56:$L56)<2,$K56=0),0,IF(ABS($L56)/$K56<=スコアリング基準!$B$24,スコアリング基準!$C$24,IF(ABS($L56)/$K56<=スコアリング基準!$B$25,スコアリング基準!$C$25,IF(ABS($L56)/$K56<=スコアリング基準!$B$26,スコアリング基準!$C$26,0)))) | V56: =IF($P56="なし",スコアリング基準!$C$27,0) | W56: =IF($F56="",0,IF(ISNUMBER($F56),IF($F56<=スコアリング基準!$B$28,スコアリング基準!$C$28,スコアリング基準!$C$29),0)) | X56: =IFERROR(VLOOKUP($B56,スコアリング基準!$A$36:$B$46,2,FALSE),0) | Y56: =SUM($S56:$X56) | Z56: =IF(COUNT($M56:$N56)=0,"データ無",IF($Y56>=スコアリング基準!$B$30,"S",IF($Y56>=スコアリング基準!$B$31,"A",IF($Y56>=スコアリング基準!$B$32,"B","C")))) | AA56: =IFERROR(INDEX(実績DB!$I$3:$I$104,MATCH($B56&$C56,実績DB!$J$3:$J$104,0)),"")
A57: 55 | B57: 北海道 | C57: 幌延変電所 | D57: 北海道 | E57: 100 | G57: 45.017456 | H57: 141.85311 | I57: OSM実測 | R57: =IF(COUNT($M57:$N57)=0,"",IF(AND(IF($N57<>"",$N57,$M57)<=0,$O57<>"可"),"警告","")) | S57: =IF(COUNT($M57:$N57)=0,0,IF(IF($N57<>"",$N57,$M57)>=スコアリング基準!$B$20,スコアリング基準!$C$20,IF(IF($N57<>"",$N57,$M57)>=スコアリング基準!$B$21,スコアリング基準!$C$21,IF(IF($N57<>"",$N57,$M57)>0,スコアリング基準!$C$22,0)))) | T57: =IF($O57="可",スコアリング基準!$C$23,0) | U57: =IF(OR(COUNT($K57:$L57)<2,$K57=0),0,IF(ABS($L57)/$K57<=スコアリング基準!$B$24,スコアリング基準!$C$24,IF(ABS($L57)/$K57<=スコアリング基準!$B$25,スコアリング基準!$C$25,IF(ABS($L57)/$K57<=スコアリング基準!$B$26,スコアリング基準!$C$26,0)))) | V57: =IF($P57="なし",スコアリング基準!$C$27,0) | W57: =IF($F57="",0,IF(ISNUMBER($F57),IF($F57<=スコアリング基準!$B$28,スコアリング基準!$C$28,スコアリング基準!$C$29),0)) | X57: =IFERROR(VLOOKUP($B57,スコアリング基準!$A$36:$B$46,2,FALSE),0) | Y57: =SUM($S57:$X57) | Z57: =IF(COUNT($M57:$N57)=0,"データ無",IF($Y57>=スコアリング基準!$B$30,"S",IF($Y57>=スコアリング基準!$B$31,"A",IF($Y57>=スコアリング基準!$B$32,"B","C")))) | AA57: =IFERROR(INDEX(実績DB!$I$3:$I$104,MATCH($B57&$C57,実績DB!$J$3:$J$104,0)),"")
A58: 56 | B58: 北海道 | C58: 稚内変電所 | D58: 北海道 | E58: 100 | G58: 45.398285 | H58: 141.68043 | I58: OSM実測 | J58: 30 | K58: 15 | M58: 15 | N58: 0 | O58: 不可 #3 | P58: 有り | R58: =IF(COUNT($M58:$N58)=0,"",IF(AND(IF($N58<>"",$N58,$M58)<=0,$O58<>"可"),"警告","")) | S58: =IF(COUNT($M58:$N58)=0,0,IF(IF($N58<>"",$N58,$M58)>=スコアリング基準!$B$20,スコアリング基準!$C$20,IF(IF($N58<>"",$N58,$M58)>=スコアリング基準!$B$21,スコアリング基準!$C$21,IF(IF($N58<>"",$N58,$M58)>0,スコアリング基準!$C$22,0)))) | T58: =IF($O58="可",スコアリング基準!$C$23,0) | U58: =IF(OR(COUNT($K58:$L58)<2,$K58=0),0,IF(ABS($L58)/$K58<=スコアリング基準!$B$24,スコアリング基準!$C$24,IF(ABS($L58)/$K58<=スコアリング基準!$B$25,スコアリング基準!$C$25,IF(ABS($L58)/$K58<=スコアリング基準!$B$26,スコアリング基準!$C$26,0)))) | V58: =IF($P58="なし",スコアリング基準!$C$27,0) | W58: =IF($F58="",0,IF(ISNUMBER($F58),IF($F58<=スコアリング基準!$B$28,スコアリング基準!$C$28,スコアリング基準!$C$29),0)) | X58: =IFERROR(VLOOKUP($B58,スコアリング基準!$A$36:$B$46,2,FALSE),0) | Y58: =SUM($S58:$X58) | Z58: =IF(COUNT($M58:$N58)=0,"データ無",IF($Y58>=スコアリング基準!$B$30,"S",IF($Y58>=スコアリング基準!$B$31,"A",IF($Y58>=スコアリング基準!$B$32,"B","C")))) | AA58: =IFERROR(INDEX(実績DB!$I$3:$I$104,MATCH($B58&$C58,実績DB!$J$3:$J$104,0)),"")
A59: 57 | B59: 北海道 | C59: 稚内西変電所 | D59: 北海道 | E59: 100 | G59: 45.384149 | H59: 141.6681 | I59: OSM実測 | R59: =IF(COUNT($M59:$N59)=0,"",IF(AND(IF($N59<>"",$N59,$M59)<=0,$O59<>"可"),"警告","")) | S59: =IF(COUNT($M59:$N59)=0,0,IF(IF($N59<>"",$N59,$M59)>=スコアリング基準!$B$20,スコアリング基準!$C$20,IF(IF($N59<>"",$N59,$M59)>=スコアリング基準!$B$21,スコアリング基準!$C$21,IF(IF($N59<>"",$N59,$M59)>0,スコアリング基準!$C$22,0)))) | T59: =IF($O59="可",スコアリング基準!$C$23,0) | U59: =IF(OR(COUNT($K59:$L59)<2,$K59=0),0,IF(ABS($L59)/$K59<=スコアリング基準!$B$24,スコアリング基準!$C$24,IF(ABS($L59)/$K59<=スコアリング基準!$B$25,スコアリング基準!$C$25,IF(ABS($L59)/$K59<=スコアリング基準!$B$26,スコアリング基準!$C$26,0)))) | V59: =IF($P59="なし",スコアリング基準!$C$27,0) | W59: =IF($F59="",0,IF(ISNUMBER($F59),IF($F59<=スコアリング基準!$B$28,スコアリング基準!$C$28,スコアリング基準!$C$29),0)) | X59: =IFERROR(VLOOKUP($B59,スコアリング基準!$A$36:$B$46,2,FALSE),0) | Y59: =SUM($S59:$X59) | Z59: =IF(COUNT($M59:$N59)=0,"データ無",IF($Y59>=スコアリング基準!$B$30,"S",IF($Y59>=スコアリング基準!$B$31,"A",IF($Y59>=スコアリング基準!$B$32,"B","C")))) | AA59: =IFERROR(INDEX(実績DB!$I$3:$I$104,MATCH($B59&$C59,実績DB!$J$3:$J$104,0)),"")
A60: 58 | B60: 北海道 | C60: 開源開閉所 | D60: 北海道 | E60: 100 | G60: 45.252221 | H60: 141.75321 | I60: OSM実測 | R60: =IF(COUNT($M60:$N60)=0,"",IF(AND(IF($N60<>"",$N60,$M60)<=0,$O60<>"可"),"警告","")) | S60: =IF(COUNT($M60:$N60)=0,0,IF(IF($N60<>"",$N60,$M60)>=スコアリング基準!$B$20,スコアリング基準!$C$20,IF(IF($N60<>"",$N60,$M60)>=スコアリング基準!$B$21,スコアリング基準!$C$21,IF(IF($N60<>"",$N60,$M60)>0,スコアリング基準!$C$22,0)))) | T60: =IF($O60="可",スコアリング基準!$C$23,0) | U60: =IF(OR(COUNT($K60:$L60)<2,$K60=0),0,IF(ABS($L60)/$K60<=スコアリング基準!$B$24,スコアリング基準!$C$24,IF(ABS($L60)/$K60<=スコアリング基準!$B$25,スコアリング基準!$C$25,IF(ABS($L60)/$K60<=スコアリング基準!$B$26,スコアリング基準!$C$26,0)))) | V60: =IF($P60="なし",スコアリング基準!$C$27,0) | W60: =IF($F60="",0,IF(ISNUMBER($F60),IF($F60<=スコアリング基準!$B$28,スコアリング基準!$C$28,スコアリング基準!$C$29),0)) | X60: =IFERROR(VLOOKUP($B60,スコアリング基準!$A$36:$B$46,2,FALSE),0) | Y60: =SUM($S60:$X60) | Z60: =IF(COUNT($M60:$N60)=0,"データ無",IF($Y60>=スコアリング基準!$B$30,"S",IF($Y60>=スコアリング基準!$B$31,"A",IF($Y60>=スコアリング基準!$B$32,"B","C")))) | AA60: =IFERROR(INDEX(実績DB!$I$3:$I$104,MATCH($B60&$C60,実績DB!$J$3:$J$104,0)),"")
A61: 59 | B61: 北海道 | C61: Chatsu Substation | D61: 北海道 | E61: 66 | G61: 42.320193 | H61: 140.99488 | I61: OSM実測 | R61: =IF(COUNT($M61:$N61)=0,"",IF(AND(IF($N61<>"",$N61,$M61)<=0,$O61<>"可"),"警告","")) | S61: =IF(COUNT($M61:$N61)=0,0,IF(IF($N61<>"",$N61,$M61)>=スコアリング基準!$B$20,スコアリング基準!$C$20,IF(IF($N61<>"",$N61,$M61)>=スコアリング基準!$B$21,スコアリング基準!$C$21,IF(IF($N61<>"",$N61,$M61)>0,スコアリング基準!$C$22,0)))) | T61: =IF($O61="可",スコアリング基準!$C$23,0) | U61: =IF(OR(COUNT($K61:$L61)<2,$K61=0),0,IF(ABS($L61)/$K61<=スコアリング基準!$B$24,スコアリング基準!$C$24,IF(ABS($L61)/$K61<=スコアリング基準!$B$25,スコアリング基準!$C$25,IF(ABS($L61)/$K61<=スコアリング基準!$B$26,スコアリング基準!$C$26,0)))) | V61: =IF($P61="なし",スコアリング基準!$C$27,0) | W61: =IF($F61="",0,IF(ISNUMBER($F61),IF($F61<=スコアリング基準!$B$28,スコアリング基準!$C$28,スコアリング基準!$C$29),0)) | X61: =IFERROR(VLOOKUP($B61,スコアリング基準!$A$36:$B$46,2,FALSE),0) | Y61: =SUM($S61:$X61) | Z61: =IF(COUNT($M61:$N61)=0,"データ無",IF($Y61>=スコアリング基準!$B$30,"S",IF($Y61>=スコアリング基準!$B$31,"A",IF($Y61>=スコアリング基準!$B$32,"B","C")))) | AA61: =IFERROR(INDEX(実績DB!$I$3:$I$104,MATCH($B61&$C61,実績DB!$J$3:$J$104,0)),"")
A62: 60 | B62: 北海道 | C62: Takeura substation | D62: 北海道 | E62: 66 | G62: 42.507788 | H62: 141.27604 | I62: OSM実測 | R62: =IF(COUNT($M62:$N62)=0,"",IF(AND(IF($N62<>"",$N62,$M62)<=0,$O62<>"可"),"警告","")) | S62: =IF(COUNT($M62:$N62)=0,0,IF(IF($N62<>"",$N62,$M62)>=スコアリング基準!$B$20,スコアリング基準!$C$20,IF(IF($N62<>"",$N62,$M62)>=スコアリング基準!$B$21,スコアリング基準!$C$21,IF(IF($N62<>"",$N62,$M62)>0,スコアリング基準!$C$22,0)))) | T62: =IF($O62="可",スコアリング基準!$C$23,0) | U62: =IF(OR(COUNT($K62:$L62)<2,$K62=0),0,IF(ABS($L62)/$K62<=スコアリング基準!$B$24,スコアリング基準!$C$24,IF(ABS($L62)/$K62<=スコアリング基準!$B$25,スコアリング基準!$C$25,IF(ABS($L62)/$K62<=スコアリング基準!$B$26,スコアリング基準!$C$26,0)))) | V62: =IF($P62="なし",スコアリング基準!$C$27,0) | W62: =IF($F62="",0,IF(ISNUMBER($F62),IF($F62<=スコアリング基準!$B$28,スコアリング基準!$C$28,スコアリング基準!$C$29),0)) | X62: =IFERROR(VLOOKUP($B62,スコアリング基準!$A$36:$B$46,2,FALSE),0) | Y62: =SUM($S62:$X62) | Z62: =IF(COUNT($M62:$N62)=0,"データ無",IF($Y62>=スコアリング基準!$B$30,"S",IF($Y62>=スコアリング基準!$B$31,"A",IF($Y62>=スコアリング基準!$B$32,"B","C")))) | AA62: =IFERROR(INDEX(実績DB!$I$3:$I$104,MATCH($B62&$C62,実績DB!$J$3:$J$104,0)),"")
A63: 61 | B63: 北海道 | C63: ニセコ変電所 | D63: 北海道 | E63: 66 | F63: 6.6 | G63: 42.822703 | H63: 140.6823 | I63: OSM実測 | J63: 25 | K63: 10 | M63: 10 | N63: 10 | O63: 不可 #3 | P63: なし | R63: =IF(COUNT($M63:$N63)=0,"",IF(AND(IF($N63<>"",$N63,$M63)<=0,$O63<>"可"),"警告","")) | S63: =IF(COUNT($M63:$N63)=0,0,IF(IF($N63<>"",$N63,$M63)>=スコアリング基準!$B$20,スコアリング基準!$C$20,IF(IF($N63<>"",$N63,$M63)>=スコアリング基準!$B$21,スコアリング基準!$C$21,IF(IF($N63<>"",$N63,$M63)>0,スコアリング基準!$C$22,0)))) | T63: =IF($O63="可",スコアリング基準!$C$23,0) | U63: =IF(OR(COUNT($K63:$L63)<2,$K63=0),0,IF(ABS($L63)/$K63<=スコアリング基準!$B$24,スコアリング基準!$C$24,IF(ABS($L63)/$K63<=スコアリング基準!$B$25,スコアリング基準!$C$25,IF(ABS($L63)/$K63<=スコアリング基準!$B$26,スコアリング基準!$C$26,0)))) | V63: =IF($P63="なし",スコアリング基準!$C$27,0) | W63: =IF($F63="",0,IF(ISNUMBER($F63),IF($F63<=スコアリング基準!$B$28,スコアリング基準!$C$28,スコアリング基準!$C$29),0)) | X63: =IFERROR(VLOOKUP($B63,スコアリング基準!$A$36:$B$46,2,FALSE),0) | Y63: =SUM($S63:$X63) | Z63: =IF(COUNT($M63:$N63)=0,"データ無",IF($Y63>=スコアリング基準!$B$30,"S",IF($Y63>=スコアリング基準!$B$31,"A",IF($Y63>=スコアリング基準!$B$32,"B","C")))) | AA63: =IFERROR(INDEX(実績DB!$I$3:$I$104,MATCH($B63&$C63,実績DB!$J$3:$J$104,0)),"")
A64: 62 | B64: 北海道 | C64: ピリカ変電所 | D64: 北海道 | E64: 66 | F64: 6.6 | G64: 42.36 | H64: 140.03 | I64: 推定 | J64: 1.5 | K64: 1.5 | M64: 1 | N64: 0 | O64: 不可 #3 | P64: 有り | R64: =IF(COUNT($M64:$N64)=0,"",IF(AND(IF($N64<>"",$N64,$M64)<=0,$O64<>"可"),"警告","")) | S64: =IF(COUNT($M64:$N64)=0,0,IF(IF($N64<>"",$N64,$M64)>=スコアリング基準!$B$20,スコアリング基準!$C$20,IF(IF($N64<>"",$N64,$M64)>=スコアリング基準!$B$21,スコアリング基準!$C$21,IF(IF($N64<>"",$N64,$M64)>0,スコアリング基準!$C$22,0)))) | T64: =IF($O64="可",スコアリング基準!$C$23,0) | U64: =IF(OR(COUNT($K64:$L64)<2,$K64=0),0,IF(ABS($L64)/$K64<=スコアリング基準!$B$24,スコアリング基準!$C$24,IF(ABS($L64)/$K64<=スコアリング基準!$B$25,スコアリング基準!$C$25,IF(ABS($L64)/$K64<=スコアリング基準!$B$26,スコアリング基準!$C$26,0)))) | V64: =IF($P64="なし",スコアリング基準!$C$27,0) | W64: =IF($F64="",0,IF(ISNUMBER($F64),IF($F64<=スコアリング基準!$B$28,スコアリング基準!$C$28,スコアリング基準!$C$29),0)) | X64: =IFERROR(VLOOKUP($B64,スコアリング基準!$A$36:$B$46,2,FALSE),0) | Y64: =SUM($S64:$X64) | Z64: =IF(COUNT($M64:$N64)=0,"データ無",IF($Y64>=スコアリング基準!$B$30,"S",IF($Y64>=スコアリング基準!$B$31,"A",IF($Y64>=スコアリング基準!$B$32,"B","C")))) | AA64: =IFERROR(INDEX(実績DB!$I$3:$I$104,MATCH($B64&$C64,実績DB!$J$3:$J$104,0)),"")
A65: 63 | B65: 北海道 | C65: ピリカ発電所 | D65: 北海道 | E65: 66 | G65: 42.47073 | H65: 140.19544 | I65: OSM実測 | R65: =IF(COUNT($M65:$N65)=0,"",IF(AND(IF($N65<>"",$N65,$M65)<=0,$O65<>"可"),"警告","")) | S65: =IF(COUNT($M65:$N65)=0,0,IF(IF($N65<>"",$N65,$M65)>=スコアリング基準!$B$20,スコアリング基準!$C$20,IF(IF($N65<>"",$N65,$M65)>=スコアリング基準!$B$21,スコアリング基準!$C$21,IF(IF($N65<>"",$N65,$M65)>0,スコアリング基準!$C$22,0)))) | T65: =IF($O65="可",スコアリング基準!$C$23,0) | U65: =IF(OR(COUNT($K65:$L65)<2,$K65=0),0,IF(ABS($L65)/$K65<=スコアリング基準!$B$24,スコアリング基準!$C$24,IF(ABS($L65)/$K65<=スコアリング基準!$B$25,スコアリング基準!$C$25,IF(ABS($L65)/$K65<=スコアリング基準!$B$26,スコアリング基準!$C$26,0)))) | V65: =IF($P65="なし",スコアリング基準!$C$27,0) | W65: =IF($F65="",0,IF(ISNUMBER($F65),IF($F65<=スコアリング基準!$B$28,スコアリング基準!$C$28,スコアリング基準!$C$29),0)) | X65: =IFERROR(VLOOKUP($B65,スコアリング基準!$A$36:$B$46,2,FALSE),0) | Y65: =SUM($S65:$X65) | Z65: =IF(COUNT($M65:$N65)=0,"データ無",IF($Y65>=スコアリング基準!$B$30,"S",IF($Y65>=スコアリング基準!$B$31,"A",IF($Y65>=スコアリング基準!$B$32,"B","C")))) | AA65: =IFERROR(INDEX(実績DB!$I$3:$I$104,MATCH($B65&$C65,実績DB!$J$3:$J$104,0)),"")
A66: 64 | B66: 北海道 | C66: 七条変電所 | D66: 北海道 | E66: 66 | F66: 6.6 | G66: 43.77 | H66: 142.4 | I66: 推定 | J66: 40 | K66: 20 | M66: 20 | N66: 0 | O66: 不可 #3 | P66: 有り | R66: =IF(COUNT($M66:$N66)=0,"",IF(AND(IF($N66<>"",$N66,$M66)<=0,$O66<>"可"),"警告","")) | S66: =IF(COUNT($M66:$N66)=0,0,IF(IF($N66<>"",$N66,$M66)>=スコアリング基準!$B$20,スコアリング基準!$C$20,IF(IF($N66<>"",$N66,$M66)>=スコアリング基準!$B$21,スコアリング基準!$C$21,IF(IF($N66<>"",$N66,$M66)>0,スコアリング基準!$C$22,0)))) | T66: =IF($O66="可",スコアリング基準!$C$23,0) | U66: =IF(OR(COUNT($K66:$L66)<2,$K66=0),0,IF(ABS($L66)/$K66<=スコアリング基準!$B$24,スコアリング基準!$C$24,IF(ABS($L66)/$K66<=スコアリング基準!$B$25,スコアリング基準!$C$25,IF(ABS($L66)/$K66<=スコアリング基準!$B$26,スコアリング基準!$C$26,0)))) | V66: =IF($P66="なし",スコアリング基準!$C$27,0) | W66: =IF($F66="",0,IF(ISNUMBER($F66),IF($F66<=スコアリング基準!$B$28,スコアリング基準!$C$28,スコアリング基準!$C$29),0)) | X66: =IFERROR(VLOOKUP($B66,スコアリング基準!$A$36:$B$46,2,FALSE),0) | Y66: =SUM($S66:$X66) | Z66: =IF(COUNT($M66:$N66)=0,"データ無",IF($Y66>=スコアリング基準!$B$30,"S",IF($Y66>=スコアリング基準!$B$31,"A",IF($Y66>=スコアリング基準!$B$32,"B","C")))) | AA66: =IFERROR(INDEX(実績DB!$I$3:$I$104,MATCH($B66&$C66,実績DB!$J$3:$J$104,0)),"")
A67: 65 | B67: 北海道 | C67: 七重浜変電所 | D67: 北海道 | E67: 66 | F67: 6.6 | G67: 41.85 | H67: 140.68 | I67: 推定 | J67: 40 | K67: 20 | M67: 10 | N67: 0 | O67: 不可 #3 | P67: 有り | R67: =IF(COUNT($M67:$N67)=0,"",IF(AND(IF($N67<>"",$N67,$M67)<=0,$O67<>"可"),"警告","")) | S67: =IF(COUNT($M67:$N67)=0,0,IF(IF($N67<>"",$N67,$M67)>=スコアリング基準!$B$20,スコアリング基準!$C$20,IF(IF($N67<>"",$N67,$M67)>=スコアリング基準!$B$21,スコアリング基準!$C$21,IF(IF($N67<>"",$N67,$M67)>0,スコアリング基準!$C$22,0)))) | T67: =IF($O67="可",スコアリング基準!$C$23,0) | U67: =IF(OR(COUNT($K67:$L67)<2,$K67=0),0,IF(ABS($L67)/$K67<=スコアリング基準!$B$24,スコアリング基準!$C$24,IF(ABS($L67)/$K67<=スコアリング基準!$B$25,スコアリング基準!$C$25,IF(ABS($L67)/$K67<=スコアリング基準!$B$26,スコアリング基準!$C$26,0)))) | V67: =IF($P67="なし",スコアリング基準!$C$27,0) | W67: =IF($F67="",0,IF(ISNUMBER($F67),IF($F67<=スコアリング基準!$B$28,スコアリング基準!$C$28,スコアリング基準!$C$29),0)) | X67: =IFERROR(VLOOKUP($B67,スコアリング基準!$A$36:$B$46,2,FALSE),0) | Y67: =SUM($S67:$X67) | Z67: =IF(COUNT($M67:$N67)=0,"データ無",IF($Y67>=スコアリング基準!$B$30,"S",IF($Y67>=スコアリング基準!$B$31,"A",IF($Y67>=スコアリング基準!$B$32,"B","C")))) | AA67: =IFERROR(INDEX(実績DB!$I$3:$I$104,MATCH($B67&$C67,実績DB!$J$3:$J$104,0)),"")
A68: 66 | B68: 北海道 | C68: 七飯変電所 | D68: 北海道 | E68: 66 | F68: 6.6 | G68: 41.92 | H68: 140.67 | I68: 推定 | J68: 20 | K68: 10 | M68: 4 | N68: 0 | O68: 不可 #3 | P68: 有り | R68: =IF(COUNT($M68:$N68)=0,"",IF(AND(IF($N68<>"",$N68,$M68)<=0,$O68<>"可"),"警告","")) | S68: =IF(COUNT($M68:$N68)=0,0,IF(IF($N68<>"",$N68,$M68)>=スコアリング基準!$B$20,スコアリング基準!$C$20,IF(IF($N68<>"",$N68,$M68)>=スコアリング基準!$B$21,スコアリング基準!$C$21,IF(IF($N68<>"",$N68,$M68)>0,スコアリング基準!$C$22,0)))) | T68: =IF($O68="可",スコアリング基準!$C$23,0) | U68: =IF(OR(COUNT($K68:$L68)<2,$K68=0),0,IF(ABS($L68)/$K68<=スコアリング基準!$B$24,スコアリング基準!$C$24,IF(ABS($L68)/$K68<=スコアリング基準!$B$25,スコアリング基準!$C$25,IF(ABS($L68)/$K68<=スコアリング基準!$B$26,スコアリング基準!$C$26,0)))) | V68: =IF($P68="なし",スコアリング基準!$C$27,0) | W68: =IF($F68="",0,IF(ISNUMBER($F68),IF($F68<=スコアリング基準!$B$28,スコアリング基準!$C$28,スコアリング基準!$C$29),0)) | X68: =IFERROR(VLOOKUP($B68,スコアリング基準!$A$36:$B$46,2,FALSE),0) | Y68: =SUM($S68:$X68) | Z68: =IF(COUNT($M68:$N68)=0,"データ無",IF($Y68>=スコアリング基準!$B$30,"S",IF($Y68>=スコアリング基準!$B$31,"A",IF($Y68>=スコアリング基準!$B$32,"B","C")))) | AA68: =IFERROR(INDEX(実績DB!$I$3:$I$104,MATCH($B68&$C68,実績DB!$J$3:$J$104,0)),"")
A69: 67 | B69: 北海道 | C69: 三川変電所 | D69: 北海道 | E69: 66 | F69: 6.6 | G69: 42.950943 | H69: 141.80017 | I69: OSM実測 | J69: 16 | K69: 6 | M69: 2 | N69: 0 | O69: 不可 #3 | P69: 有り | R69: =IF(COUNT($M69:$N69)=0,"",IF(AND(IF($N69<>"",$N69,$M69)<=0,$O69<>"可"),"警告","")) | S69: =IF(COUNT($M69:$N69)=0,0,IF(IF($N69<>"",$N69,$M69)>=スコアリング基準!$B$20,スコアリング基準!$C$20,IF(IF($N69<>"",$N69,$M69)>=スコアリング基準!$B$21,スコアリング基準!$C$21,IF(IF($N69<>"",$N69,$M69)>0,スコアリング基準!$C$22,0)))) | T69: =IF($O69="可",スコアリング基準!$C$23,0) | U69: =IF(OR(COUNT($K69:$L69)<2,$K69=0),0,IF(ABS($L69)/$K69<=スコアリング基準!$B$24,スコアリング基準!$C$24,IF(ABS($L69)/$K69<=スコアリング基準!$B$25,スコアリング基準!$C$25,IF(ABS($L69)/$K69<=スコアリング基準!$B$26,スコアリング基準!$C$26,0)))) | V69: =IF($P69="なし",スコアリング基準!$C$27,0) | W69: =IF($F69="",0,IF(ISNUMBER($F69),IF($F69<=スコアリング基準!$B$28,スコアリング基準!$C$28,スコアリング基準!$C$29),0)) | X69: =IFERROR(VLOOKUP($B69,スコアリング基準!$A$36:$B$46,2,FALSE),0) | Y69: =SUM($S69:$X69) | Z69: =IF(COUNT($M69:$N69)=0,"データ無",IF($Y69>=スコアリング基準!$B$30,"S",IF($Y69>=スコアリング基準!$B$31,"A",IF($Y69>=スコアリング基準!$B$32,"B","C")))) | AA69: =IFERROR(INDEX(実績DB!$I$3:$I$104,MATCH($B69&$C69,実績DB!$J$3:$J$104,0)),"")
A70: 68 | B70: 北海道 | C70: 上ノ国変電所 | D70: 北海道 | E70: 66 | F70: 6.6 | G70: 41.814301 | H70: 140.1265 | I70: OSM実測(名称一致) | J70: 10 | K70: 10 | M70: 6 | N70: 0 | O70: 不可 #3 | P70: 有り | R70: =IF(COUNT($M70:$N70)=0,"",IF(AND(IF($N70<>"",$N70,$M70)<=0,$O70<>"可"),"警告","")) | S70: =IF(COUNT($M70:$N70)=0,0,IF(IF($N70<>"",$N70,$M70)>=スコアリング基準!$B$20,スコアリング基準!$C$20,IF(IF($N70<>"",$N70,$M70)>=スコアリング基準!$B$21,スコアリング基準!$C$21,IF(IF($N70<>"",$N70,$M70)>0,スコアリング基準!$C$22,0)))) | T70: =IF($O70="可",スコアリング基準!$C$23,0) | U70: =IF(OR(COUNT($K70:$L70)<2,$K70=0),0,IF(ABS($L70)/$K70<=スコアリング基準!$B$24,スコアリング基準!$C$24,IF(ABS($L70)/$K70<=スコアリング基準!$B$25,スコアリング基準!$C$25,IF(ABS($L70)/$K70<=スコアリング基準!$B$26,スコアリング基準!$C$26,0)))) | V70: =IF($P70="なし",スコアリング基準!$C$27,0) | W70: =IF($F70="",0,IF(ISNUMBER($F70),IF($F70<=スコアリング基準!$B$28,スコアリング基準!$C$28,スコアリング基準!$C$29),0)) | X70: =IFERROR(VLOOKUP($B70,スコアリング基準!$A$36:$B$46,2,FALSE),0) | Y70: =SUM($S70:$X70) | Z70: =IF(COUNT($M70:$N70)=0,"データ無",IF($Y70>=スコアリング基準!$B$30,"S",IF($Y70>=スコアリング基準!$B$31,"A",IF($Y70>=スコアリング基準!$B$32,"B","C")))) | AA70: =IFERROR(INDEX(実績DB!$I$3:$I$104,MATCH($B70&$C70,実績DB!$J$3:$J$104,0)),"")
A71: 69 | B71: 北海道 | C71: 上富良野変電所 | D71: 北海道 | E71: 66 | F71: 6.6 | G71: 43.45 | H71: 142.47 | I71: 推定 | J71: 20 | K71: 10 | M71: 10 | N71: 0 | O71: 不可 #3 | P71: 有り | R71: =IF(COUNT($M71:$N71)=0,"",IF(AND(IF($N71<>"",$N71,$M71)<=0,$O71<>"可"),"警告","")) | S71: =IF(COUNT($M71:$N71)=0,0,IF(IF($N71<>"",$N71,$M71)>=スコアリング基準!$B$20,スコアリング基準!$C$20,IF(IF($N71<>"",$N71,$M71)>=スコアリング基準!$B$21,スコアリング基準!$C$21,IF(IF($N71<>"",$N71,$M71)>0,スコアリング基準!$C$22,0)))) | T71: =IF($O71="可",スコアリング基準!$C$23,0) | U71: =IF(OR(COUNT($K71:$L71)<2,$K71=0),0,IF(ABS($L71)/$K71<=スコアリング基準!$B$24,スコアリング基準!$C$24,IF(ABS($L71)/$K71<=スコアリング基準!$B$25,スコアリング基準!$C$25,IF(ABS($L71)/$K71<=スコアリング基準!$B$26,スコアリング基準!$C$26,0)))) | V71: =IF($P71="なし",スコアリング基準!$C$27,0) | W71: =IF($F71="",0,IF(ISNUMBER($F71),IF($F71<=スコアリング基準!$B$28,スコアリング基準!$C$28,スコアリング基準!$C$29),0)) | X71: =IFERROR(VLOOKUP($B71,スコアリング基準!$A$36:$B$46,2,FALSE),0) | Y71: =SUM($S71:$X71) | Z71: =IF(COUNT($M71:$N71)=0,"データ無",IF($Y71>=スコアリング基準!$B$30,"S",IF($Y71>=スコアリング基準!$B$31,"A",IF($Y71>=スコアリング基準!$B$32,"B","C")))) | AA71: =IFERROR(INDEX(実績DB!$I$3:$I$104,MATCH($B71&$C71,実績DB!$J$3:$J$104,0)),"")
A72: 70 | B72: 北海道 | C72: 上岩松変電所 | D72: 北海道 | E72: 66 | F72: 11 | G72: 43.18 | H72: 142.91 | I72: 推定 | J72: 1 | K72: 1 | O72: 不可 | P72: 有り | R72: =IF(COUNT($M72:$N72)=0,"",IF(AND(IF($N72<>"",$N72,$M72)<=0,$O72<>"可"),"警告","")) | S72: =IF(COUNT($M72:$N72)=0,0,IF(IF($N72<>"",$N72,$M72)>=スコアリング基準!$B$20,スコアリング基準!$C$20,IF(IF($N72<>"",$N72,$M72)>=スコアリング基準!$B$21,スコアリング基準!$C$21,IF(IF($N72<>"",$N72,$M72)>0,スコアリング基準!$C$22,0)))) | T72: =IF($O72="可",スコアリング基準!$C$23,0) | U72: =IF(OR(COUNT($K72:$L72)<2,$K72=0),0,IF(ABS($L72)/$K72<=スコアリング基準!$B$24,スコアリング基準!$C$24,IF(ABS($L72)/$K72<=スコアリング基準!$B$25,スコアリング基準!$C$25,IF(ABS($L72)/$K72<=スコアリング基準!$B$26,スコアリング基準!$C$26,0)))) | V72: =IF($P72="なし",スコアリング基準!$C$27,0) | W72: =IF($F72="",0,IF(ISNUMBER($F72),IF($F72<=スコアリング基準!$B$28,スコアリング基準!$C$28,スコアリング基準!$C$29),0)) | X72: =IFERROR(VLOOKUP($B72,スコアリング基準!$A$36:$B$46,2,FALSE),0) | Y72: =SUM($S72:$X72) | Z72: =IF(COUNT($M72:$N72)=0,"データ無",IF($Y72>=スコアリング基準!$B$30,"S",IF($Y72>=スコアリング基準!$B$31,"A",IF($Y72>=スコアリング基準!$B$32,"B","C")))) | AA72: =IFERROR(INDEX(実績DB!$I$3:$I$104,MATCH($B72&$C72,実績DB!$J$3:$J$104,0)),"")
A73: 71 | B73: 北海道 | C73: 上江別変電所 | D73: 北海道 | E73: 66 | F73: 6.6 | G73: 43.090103 | H73: 141.55229 | I73: OSM実測 | J73: 40 | K73: 20 | M73: 19 | N73: 0 | O73: 不可 #3 | P73: 有り | R73: =IF(COUNT($M73:$N73)=0,"",IF(AND(IF($N73<>"",$N73,$M73)<=0,$O73<>"可"),"警告","")) | S73: =IF(COUNT($M73:$N73)=0,0,IF(IF($N73<>"",$N73,$M73)>=スコアリング基準!$B$20,スコアリング基準!$C$20,IF(IF($N73<>"",$N73,$M73)>=スコアリング基準!$B$21,スコアリング基準!$C$21,IF(IF($N73<>"",$N73,$M73)>0,スコアリング基準!$C$22,0)))) | T73: =IF($O73="可",スコアリング基準!$C$23,0) | U73: =IF(OR(COUNT($K73:$L73)<2,$K73=0),0,IF(ABS($L73)/$K73<=スコアリング基準!$B$24,スコアリング基準!$C$24,IF(ABS($L73)/$K73<=スコアリング基準!$B$25,スコアリング基準!$C$25,IF(ABS($L73)/$K73<=スコアリング基準!$B$26,スコアリング基準!$C$26,0)))) | V73: =IF($P73="なし",スコアリング基準!$C$27,0) | W73: =IF($F73="",0,IF(ISNUMBER($F73),IF($F73<=スコアリング基準!$B$28,スコアリング基準!$C$28,スコアリング基準!$C$29),0)) | X73: =IFERROR(VLOOKUP($B73,スコアリング基準!$A$36:$B$46,2,FALSE),0) | Y73: =SUM($S73:$X73) | Z73: =IF(COUNT($M73:$N73)=0,"データ無",IF($Y73>=スコアリング基準!$B$30,"S",IF($Y73>=スコアリング基準!$B$31,"A",IF($Y73>=スコアリング基準!$B$32,"B","C")))) | AA73: =IFERROR(INDEX(実績DB!$I$3:$I$104,MATCH($B73&$C73,実績DB!$J$3:$J$104,0)),"")
A74: 72 | B74: 北海道 | C74: 上渚滑変電所 | D74: 北海道 | E74: 66 | F74: 6.6 | G74: 44.244219 | H74: 143.26876 | I74: OSM実測 | J74: 3 | K74: 3 | M74: 0 | N74: 0 | O74: 不可 #3 | P74: 有り | R74: =IF(COUNT($M74:$N74)=0,"",IF(AND(IF($N74<>"",$N74,$M74)<=0,$O74<>"可"),"警告","")) | S74: =IF(COUNT($M74:$N74)=0,0,IF(IF($N74<>"",$N74,$M74)>=スコアリング基準!$B$20,スコアリング基準!$C$20,IF(IF($N74<>"",$N74,$M74)>=スコアリング基準!$B$21,スコアリング基準!$C$21,IF(IF($N74<>"",$N74,$M74)>0,スコアリング基準!$C$22,0)))) | T74: =IF($O74="可",スコアリング基準!$C$23,0) | U74: =IF(OR(COUNT($K74:$L74)<2,$K74=0),0,IF(ABS($L74)/$K74<=スコアリング基準!$B$24,スコアリング基準!$C$24,IF(ABS($L74)/$K74<=スコアリング基準!$B$25,スコアリング基準!$C$25,IF(ABS($L74)/$K74<=スコアリング基準!$B$26,スコアリング基準!$C$26,0)))) | V74: =IF($P74="なし",スコアリング基準!$C$27,0) | W74: =IF($F74="",0,IF(ISNUMBER($F74),IF($F74<=スコアリング基準!$B$28,スコアリング基準!$C$28,スコアリング基準!$C$29),0)) | X74: =IFERROR(VLOOKUP($B74,スコアリング基準!$A$36:$B$46,2,FALSE),0) | Y74: =SUM($S74:$X74) | Z74: =IF(COUNT($M74:$N74)=0,"データ無",IF($Y74>=スコアリング基準!$B$30,"S",IF($Y74>=スコアリング基準!$B$31,"A",IF($Y74>=スコアリング基準!$B$32,"B","C")))) | AA74: =IFERROR(INDEX(実績DB!$I$3:$I$104,MATCH($B74&$C74,実績DB!$J$3:$J$104,0)),"")
A75: 73 | B75: 北海道 | C75: 上磯変電所 | D75: 北海道 | E75: 66 | F75: 33 | G75: 41.818608 | H75: 140.6139 | I75: OSM実測(名称一致) | J75: 6 | K75: 6 | L75: -6 | O75: 不可 #2 | P75: 有り | R75: =IF(COUNT($M75:$N75)=0,"",IF(AND(IF($N75<>"",$N75,$M75)<=0,$O75<>"可"),"警告","")) | S75: =IF(COUNT($M75:$N75)=0,0,IF(IF($N75<>"",$N75,$M75)>=スコアリング基準!$B$20,スコアリング基準!$C$20,IF(IF($N75<>"",$N75,$M75)>=スコアリング基準!$B$21,スコアリング基準!$C$21,IF(IF($N75<>"",$N75,$M75)>0,スコアリング基準!$C$22,0)))) | T75: =IF($O75="可",スコアリング基準!$C$23,0) | U75: =IF(OR(COUNT($K75:$L75)<2,$K75=0),0,IF(ABS($L75)/$K75<=スコアリング基準!$B$24,スコアリング基準!$C$24,IF(ABS($L75)/$K75<=スコアリング基準!$B$25,スコアリング基準!$C$25,IF(ABS($L75)/$K75<=スコアリング基準!$B$26,スコアリング基準!$C$26,0)))) | V75: =IF($P75="なし",スコアリング基準!$C$27,0) | W75: =IF($F75="",0,IF(ISNUMBER($F75),IF($F75<=スコアリング基準!$B$28,スコアリング基準!$C$28,スコアリング基準!$C$29),0)) | X75: =IFERROR(VLOOKUP($B75,スコアリング基準!$A$36:$B$46,2,FALSE),0) | Y75: =SUM($S75:$X75) | Z75: =IF(COUNT($M75:$N75)=0,"データ無",IF($Y75>=スコアリング基準!$B$30,"S",IF($Y75>=スコアリング基準!$B$31,"A",IF($Y75>=スコアリング基準!$B$32,"B","C")))) | AA75: =IFERROR(INDEX(実績DB!$I$3:$I$104,MATCH($B75&$C75,実績DB!$J$3:$J$104,0)),"")
A76: 74 | B76: 北海道 | C76: 上興部変電所 | D76: 北海道 | E76: 66 | F76: 6.6 | G76: 44.341994 | H76: 142.87071 | I76: OSM実測 | J76: 3 | K76: 3 | M76: 2 | N76: 0 | O76: 不可 #3 | P76: 有り | R76: =IF(COUNT($M76:$N76)=0,"",IF(AND(IF($N76<>"",$N76,$M76)<=0,$O76<>"可"),"警告","")) | S76: =IF(COUNT($M76:$N76)=0,0,IF(IF($N76<>"",$N76,$M76)>=スコアリング基準!$B$20,スコアリング基準!$C$20,IF(IF($N76<>"",$N76,$M76)>=スコアリング基準!$B$21,スコアリング基準!$C$21,IF(IF($N76<>"",$N76,$M76)>0,スコアリング基準!$C$22,0)))) | T76: =IF($O76="可",スコアリング基準!$C$23,0) | U76: =IF(OR(COUNT($K76:$L76)<2,$K76=0),0,IF(ABS($L76)/$K76<=スコアリング基準!$B$24,スコアリング基準!$C$24,IF(ABS($L76)/$K76<=スコアリング基準!$B$25,スコアリング基準!$C$25,IF(ABS($L76)/$K76<=スコアリング基準!$B$26,スコアリング基準!$C$26,0)))) | V76: =IF($P76="なし",スコアリング基準!$C$27,0) | W76: =IF($F76="",0,IF(ISNUMBER($F76),IF($F76<=スコアリング基準!$B$28,スコアリング基準!$C$28,スコアリング基準!$C$29),0)) | X76: =IFERROR(VLOOKUP($B76,スコアリング基準!$A$36:$B$46,2,FALSE),0) | Y76: =SUM($S76:$X76) | Z76: =IF(COUNT($M76:$N76)=0,"データ無",IF($Y76>=スコアリング基準!$B$30,"S",IF($Y76>=スコアリング基準!$B$31,"A",IF($Y76>=スコアリング基準!$B$32,"B","C")))) | AA76: =IFERROR(INDEX(実績DB!$I$3:$I$104,MATCH($B76&$C76,実績DB!$J$3:$J$104,0)),"")
A77: 75 | B77: 北海道 | C77: 上長都変電所 | D77: 北海道 | E77: 66 | F77: 6.6 | G77: 42.84 | H77: 141.57 | I77: 推定 | J77: 35 | K77: 15 | M77: 9 | N77: 0 | O77: 不可 #3 | P77: 有り | R77: =IF(COUNT($M77:$N77)=0,"",IF(AND(IF($N77<>"",$N77,$M77)<=0,$O77<>"可"),"警告","")) | S77: =IF(COUNT($M77:$N77)=0,0,IF(IF($N77<>"",$N77,$M77)>=スコアリング基準!$B$20,スコアリング基準!$C$20,IF(IF($N77<>"",$N77,$M77)>=スコアリング基準!$B$21,スコアリング基準!$C$21,IF(IF($N77<>"",$N77,$M77)>0,スコアリング基準!$C$22,0)))) | T77: =IF($O77="可",スコアリング基準!$C$23,0) | U77: =IF(OR(COUNT($K77:$L77)<2,$K77=0),0,IF(ABS($L77)/$K77<=スコアリング基準!$B$24,スコアリング基準!$C$24,IF(ABS($L77)/$K77<=スコアリング基準!$B$25,スコアリング基準!$C$25,IF(ABS($L77)/$K77<=スコアリング基準!$B$26,スコアリング基準!$C$26,0)))) | V77: =IF($P77="なし",スコアリング基準!$C$27,0) | W77: =IF($F77="",0,IF(ISNUMBER($F77),IF($F77<=スコアリング基準!$B$28,スコアリング基準!$C$28,スコアリング基準!$C$29),0)) | X77: =IFERROR(VLOOKUP($B77,スコアリング基準!$A$36:$B$46,2,FALSE),0) | Y77: =SUM($S77:$X77) | Z77: =IF(COUNT($M77:$N77)=0,"データ無",IF($Y77>=スコアリング基準!$B$30,"S",IF($Y77>=スコアリング基準!$B$31,"A",IF($Y77>=スコアリング基準!$B$32,"B","C")))) | AA77: =IFERROR(INDEX(実績DB!$I$3:$I$104,MATCH($B77&$C77,実績DB!$J$3:$J$104,0)),"")
A78: 76 | B78: 北海道 | C78: 下川変電所 | D78: 北海道 | E78: 66 | F78: 6.6 | G78: 44.301496 | H78: 142.62441 | I78: OSM実測(名称一致) | J78: 10 | K78: 10 | M78: 8 | N78: 0 | O78: 不可 #3 | P78: 有り | R78: =IF(COUNT($M78:$N78)=0,"",IF(AND(IF($N78<>"",$N78,$M78)<=0,$O78<>"可"),"警告","")) | S78: =IF(COUNT($M78:$N78)=0,0,IF(IF($N78<>"",$N78,$M78)>=スコアリング基準!$B$20,スコアリング基準!$C$20,IF(IF($N78<>"",$N78,$M78)>=スコアリング基準!$B$21,スコアリング基準!$C$21,IF(IF($N78<>"",$N78,$M78)>0,スコアリング基準!$C$22,0)))) | T78: =IF($O78="可",スコアリング基準!$C$23,0) | U78: =IF(OR(COUNT($K78:$L78)<2,$K78=0),0,IF(ABS($L78)/$K78<=スコアリング基準!$B$24,スコアリング基準!$C$24,IF(ABS($L78)/$K78<=スコアリング基準!$B$25,スコアリング基準!$C$25,IF(ABS($L78)/$K78<=スコアリング基準!$B$26,スコアリング基準!$C$26,0)))) | V78: =IF($P78="なし",スコアリング基準!$C$27,0) | W78: =IF($F78="",0,IF(ISNUMBER($F78),IF($F78<=スコアリング基準!$B$28,スコアリング基準!$C$28,スコアリング基準!$C$29),0)) | X78: =IFERROR(VLOOKUP($B78,スコアリング基準!$A$36:$B$46,2,FALSE),0) | Y78: =SUM($S78:$X78) | Z78: =IF(COUNT($M78:$N78)=0,"データ無",IF($Y78>=スコアリング基準!$B$30,"S",IF($Y78>=スコアリング基準!$B$31,"A",IF($Y78>=スコアリング基準!$B$32,"B","C")))) | AA78: =IFERROR(INDEX(実績DB!$I$3:$I$104,MATCH($B78&$C78,実績DB!$J$3:$J$104,0)),"")
A79: 77 | B79: 北海道 | C79: 中の橋変電所 | D79: 北海道 | E79: 66 | F79: 6.6 | G79: 41.78669 | H79: 140.74157 | I79: OSM実測(名称一致) | J79: 50 | K79: 30 | M79: 15 | N79: 0 | O79: 不可 #3 | P79: 有り | R79: =IF(COUNT($M79:$N79)=0,"",IF(AND(IF($N79<>"",$N79,$M79)<=0,$O79<>"可"),"警告","")) | S79: =IF(COUNT($M79:$N79)=0,0,IF(IF($N79<>"",$N79,$M79)>=スコアリング基準!$B$20,スコアリング基準!$C$20,IF(IF($N79<>"",$N79,$M79)>=スコアリング基準!$B$21,スコアリング基準!$C$21,IF(IF($N79<>"",$N79,$M79)>0,スコアリング基準!$C$22,0)))) | T79: =IF($O79="可",スコアリング基準!$C$23,0) | U79: =IF(OR(COUNT($K79:$L79)<2,$K79=0),0,IF(ABS($L79)/$K79<=スコアリング基準!$B$24,スコアリング基準!$C$24,IF(ABS($L79)/$K79<=スコアリング基準!$B$25,スコアリング基準!$C$25,IF(ABS($L79)/$K79<=スコアリング基準!$B$26,スコアリング基準!$C$26,0)))) | V79: =IF($P79="なし",スコアリング基準!$C$27,0) | W79: =IF($F79="",0,IF(ISNUMBER($F79),IF($F79<=スコアリング基準!$B$28,スコアリング基準!$C$28,スコアリング基準!$C$29),0)) | X79: =IFERROR(VLOOKUP($B79,スコアリング基準!$A$36:$B$46,2,FALSE),0) | Y79: =SUM($S79:$X79) | Z79: =IF(COUNT($M79:$N79)=0,"データ無",IF($Y79>=スコアリング基準!$B$30,"S",IF($Y79>=スコアリング基準!$B$31,"A",IF($Y79>=スコアリング基準!$B$32,"B","C")))) | AA79: =IFERROR(INDEX(実績DB!$I$3:$I$104,MATCH($B79&$C79,実績DB!$J$3:$J$104,0)),"")
A80: 78 | B80: 北海道 | C80: 中士幌変電所 | D80: 北海道 | E80: 66 | F80: 6.6 | G80: 43.098432 | H80: 143.22397 | I80: OSM実測 | J80: 10 | K80: 10 | M80: 7 | N80: 0 | O80: 不可 #3 | P80: 有り | R80: =IF(COUNT($M80:$N80)=0,"",IF(AND(IF($N80<>"",$N80,$M80)<=0,$O80<>"可"),"警告","")) | S80: =IF(COUNT($M80:$N80)=0,0,IF(IF($N80<>"",$N80,$M80)>=スコアリング基準!$B$20,スコアリング基準!$C$20,IF(IF($N80<>"",$N80,$M80)>=スコアリング基準!$B$21,スコアリング基準!$C$21,IF(IF($N80<>"",$N80,$M80)>0,スコアリング基準!$C$22,0)))) | T80: =IF($O80="可",スコアリング基準!$C$23,0) | U80: =IF(OR(COUNT($K80:$L80)<2,$K80=0),0,IF(ABS($L80)/$K80<=スコアリング基準!$B$24,スコアリング基準!$C$24,IF(ABS($L80)/$K80<=スコアリング基準!$B$25,スコアリング基準!$C$25,IF(ABS($L80)/$K80<=スコアリング基準!$B$26,スコアリング基準!$C$26,0)))) | V80: =IF($P80="なし",スコアリング基準!$C$27,0) | W80: =IF($F80="",0,IF(ISNUMBER($F80),IF($F80<=スコアリング基準!$B$28,スコアリング基準!$C$28,スコアリング基準!$C$29),0)) | X80: =IFERROR(VLOOKUP($B80,スコアリング基準!$A$36:$B$46,2,FALSE),0) | Y80: =SUM($S80:$X80) | Z80: =IF(COUNT($M80:$N80)=0,"データ無",IF($Y80>=スコアリング基準!$B$30,"S",IF($Y80>=スコアリング基準!$B$31,"A",IF($Y80>=スコアリング基準!$B$32,"B","C")))) | AA80: =IFERROR(INDEX(実績DB!$I$3:$I$104,MATCH($B80&$C80,実績DB!$J$3:$J$104,0)),"")
A81: 79 | B81: 北海道 | C81: 中札内変電所 | D81: 北海道 | E81: 66 | F81: 33 | G81: 42.700804 | H81: 143.12902 | I81: OSM実測 | J81: 35 | K81: 20 | O81: 不可 | P81: 有り | R81: =IF(COUNT($M81:$N81)=0,"",IF(AND(IF($N81<>"",$N81,$M81)<=0,$O81<>"可"),"警告","")) | S81: =IF(COUNT($M81:$N81)=0,0,IF(IF($N81<>"",$N81,$M81)>=スコアリング基準!$B$20,スコアリング基準!$C$20,IF(IF($N81<>"",$N81,$M81)>=スコアリング基準!$B$21,スコアリング基準!$C$21,IF(IF($N81<>"",$N81,$M81)>0,スコアリング基準!$C$22,0)))) | T81: =IF($O81="可",スコアリング基準!$C$23,0) | U81: =IF(OR(COUNT($K81:$L81)<2,$K81=0),0,IF(ABS($L81)/$K81<=スコアリング基準!$B$24,スコアリング基準!$C$24,IF(ABS($L81)/$K81<=スコアリング基準!$B$25,スコアリング基準!$C$25,IF(ABS($L81)/$K81<=スコアリング基準!$B$26,スコアリング基準!$C$26,0)))) | V81: =IF($P81="なし",スコアリング基準!$C$27,0) | W81: =IF($F81="",0,IF(ISNUMBER($F81),IF($F81<=スコアリング基準!$B$28,スコアリング基準!$C$28,スコアリング基準!$C$29),0)) | X81: =IFERROR(VLOOKUP($B81,スコアリング基準!$A$36:$B$46,2,FALSE),0) | Y81: =SUM($S81:$X81) | Z81: =IF(COUNT($M81:$N81)=0,"データ無",IF($Y81>=スコアリング基準!$B$30,"S",IF($Y81>=スコアリング基準!$B$31,"A",IF($Y81>=スコアリング基準!$B$32,"B","C")))) | AA81: =IFERROR(INDEX(実績DB!$I$3:$I$104,MATCH($B81&$C81,実績DB!$J$3:$J$104,0)),"")
A82: 80 | B82: 北海道 | C82: 中標津変電所 | D82: 北海道 | E82: 66 | F82: 6.6 | G82: 43.55 | H82: 144.96 | I82: 推定 | J82: 35 | K82: 20 | M82: 1 | N82: 0 | O82: 不可 #3 | P82: 有り | R82: =IF(COUNT($M82:$N82)=0,"",IF(AND(IF($N82<>"",$N82,$M82)<=0,$O82<>"可"),"警告","")) | S82: =IF(COUNT($M82:$N82)=0,0,IF(IF($N82<>"",$N82,$M82)>=スコアリング基準!$B$20,スコアリング基準!$C$20,IF(IF($N82<>"",$N82,$M82)>=スコアリング基準!$B$21,スコアリング基準!$C$21,IF(IF($N82<>"",$N82,$M82)>0,スコアリング基準!$C$22,0)))) | T82: =IF($O82="可",スコアリング基準!$C$23,0) | U82: =IF(OR(COUNT($K82:$L82)<2,$K82=0),0,IF(ABS($L82)/$K82<=スコアリング基準!$B$24,スコアリング基準!$C$24,IF(ABS($L82)/$K82<=スコアリング基準!$B$25,スコアリング基準!$C$25,IF(ABS($L82)/$K82<=スコアリング基準!$B$26,スコアリング基準!$C$26,0)))) | V82: =IF($P82="なし",スコアリング基準!$C$27,0) | W82: =IF($F82="",0,IF(ISNUMBER($F82),IF($F82<=スコアリング基準!$B$28,スコアリング基準!$C$28,スコアリング基準!$C$29),0)) | X82: =IFERROR(VLOOKUP($B82,スコアリング基準!$A$36:$B$46,2,FALSE),0) | Y82: =SUM($S82:$X82) | Z82: =IF(COUNT($M82:$N82)=0,"データ無",IF($Y82>=スコアリング基準!$B$30,"S",IF($Y82>=スコアリング基準!$B$31,"A",IF($Y82>=スコアリング基準!$B$32,"B","C")))) | AA82: =IFERROR(INDEX(実績DB!$I$3:$I$104,MATCH($B82&$C82,実績DB!$J$3:$J$104,0)),"")
A83: 81 | B83: 北海道 | C83: 中湧別変電所 | D83: 北海道 | E83: 66 | F83: 6.6 | G83: 44.193914 | H83: 143.59883 | I83: OSM実測 | J83: 16 | K83: 6 | M83: 0 | N83: 0 | O83: 不可 #3 | P83: 有り | R83: =IF(COUNT($M83:$N83)=0,"",IF(AND(IF($N83<>"",$N83,$M83)<=0,$O83<>"可"),"警告","")) | S83: =IF(COUNT($M83:$N83)=0,0,IF(IF($N83<>"",$N83,$M83)>=スコアリング基準!$B$20,スコアリング基準!$C$20,IF(IF($N83<>"",$N83,$M83)>=スコアリング基準!$B$21,スコアリング基準!$C$21,IF(IF($N83<>"",$N83,$M83)>0,スコアリング基準!$C$22,0)))) | T83: =IF($O83="可",スコアリング基準!$C$23,0) | U83: =IF(OR(COUNT($K83:$L83)<2,$K83=0),0,IF(ABS($L83)/$K83<=スコアリング基準!$B$24,スコアリング基準!$C$24,IF(ABS($L83)/$K83<=スコアリング基準!$B$25,スコアリング基準!$C$25,IF(ABS($L83)/$K83<=スコアリング基準!$B$26,スコアリング基準!$C$26,0)))) | V83: =IF($P83="なし",スコアリング基準!$C$27,0) | W83: =IF($F83="",0,IF(ISNUMBER($F83),IF($F83<=スコアリング基準!$B$28,スコアリング基準!$C$28,スコアリング基準!$C$29),0)) | X83: =IFERROR(VLOOKUP($B83,スコアリング基準!$A$36:$B$46,2,FALSE),0) | Y83: =SUM($S83:$X83) | Z83: =IF(COUNT($M83:$N83)=0,"データ無",IF($Y83>=スコアリング基準!$B$30,"S",IF($Y83>=スコアリング基準!$B$31,"A",IF($Y83>=スコアリング基準!$B$32,"B","C")))) | AA83: =IFERROR(INDEX(実績DB!$I$3:$I$104,MATCH($B83&$C83,実績DB!$J$3:$J$104,0)),"")
A84: 82 | B84: 北海道 | C84: 中頓別変電所 | D84: 北海道 | E84: 66 | F84: 6.6 | G84: 44.970261 | H84: 142.29991 | I84: OSM実測(名称一致) | J84: 6 | K84: 6 | M84: 5 | N84: 0 | O84: 不可 #3 | P84: 有り | R84: =IF(COUNT($M84:$N84)=0,"",IF(AND(IF($N84<>"",$N84,$M84)<=0,$O84<>"可"),"警告","")) | S84: =IF(COUNT($M84:$N84)=0,0,IF(IF($N84<>"",$N84,$M84)>=スコアリング基準!$B$20,スコアリング基準!$C$20,IF(IF($N84<>"",$N84,$M84)>=スコアリング基準!$B$21,スコアリング基準!$C$21,IF(IF($N84<>"",$N84,$M84)>0,スコアリング基準!$C$22,0)))) | T84: =IF($O84="可",スコアリング基準!$C$23,0) | U84: =IF(OR(COUNT($K84:$L84)<2,$K84=0),0,IF(ABS($L84)/$K84<=スコアリング基準!$B$24,スコアリング基準!$C$24,IF(ABS($L84)/$K84<=スコアリング基準!$B$25,スコアリング基準!$C$25,IF(ABS($L84)/$K84<=スコアリング基準!$B$26,スコアリング基準!$C$26,0)))) | V84: =IF($P84="なし",スコアリング基準!$C$27,0) | W84: =IF($F84="",0,IF(ISNUMBER($F84),IF($F84<=スコアリング基準!$B$28,スコアリング基準!$C$28,スコアリング基準!$C$29),0)) | X84: =IFERROR(VLOOKUP($B84,スコアリング基準!$A$36:$B$46,2,FALSE),0) | Y84: =SUM($S84:$X84) | Z84: =IF(COUNT($M84:$N84)=0,"データ無",IF($Y84>=スコアリング基準!$B$30,"S",IF($Y84>=スコアリング基準!$B$31,"A",IF($Y84>=スコアリング基準!$B$32,"B","C")))) | AA84: =IFERROR(INDEX(実績DB!$I$3:$I$104,MATCH($B84&$C84,実績DB!$J$3:$J$104,0)),"")
A85: 83 | B85: 北海道 | C85: 丸瀬布変電所 | D85: 北海道 | E85: 66 | F85: 6.6 | G85: 43.99 | H85: 143.36 | I85: 推定 | J85: 3 | K85: 3 | M85: 0 | N85: 0 | O85: 不可 #3 | P85: 有り | R85: =IF(COUNT($M85:$N85)=0,"",IF(AND(IF($N85<>"",$N85,$M85)<=0,$O85<>"可"),"警告","")) | S85: =IF(COUNT($M85:$N85)=0,0,IF(IF($N85<>"",$N85,$M85)>=スコアリング基準!$B$20,スコアリング基準!$C$20,IF(IF($N85<>"",$N85,$M85)>=スコアリング基準!$B$21,スコアリング基準!$C$21,IF(IF($N85<>"",$N85,$M85)>0,スコアリング基準!$C$22,0)))) | T85: =IF($O85="可",スコアリング基準!$C$23,0) | U85: =IF(OR(COUNT($K85:$L85)<2,$K85=0),0,IF(ABS($L85)/$K85<=スコアリング基準!$B$24,スコアリング基準!$C$24,IF(ABS($L85)/$K85<=スコアリング基準!$B$25,スコアリング基準!$C$25,IF(ABS($L85)/$K85<=スコアリング基準!$B$26,スコアリング基準!$C$26,0)))) | V85: =IF($P85="なし",スコアリング基準!$C$27,0) | W85: =IF($F85="",0,IF(ISNUMBER($F85),IF($F85<=スコアリング基準!$B$28,スコアリング基準!$C$28,スコアリング基準!$C$29),0)) | X85: =IFERROR(VLOOKUP($B85,スコアリング基準!$A$36:$B$46,2,FALSE),0) | Y85: =SUM($S85:$X85) | Z85: =IF(COUNT($M85:$N85)=0,"データ無",IF($Y85>=スコアリング基準!$B$30,"S",IF($Y85>=スコアリング基準!$B$31,"A",IF($Y85>=スコアリング基準!$B$32,"B","C")))) | AA85: =IFERROR(INDEX(実績DB!$I$3:$I$104,MATCH($B85&$C85,実績DB!$J$3:$J$104,0)),"")
A86: 84 | B86: 北海道 | C86: 久保内変電所 | D86: 北海道 | E86: 66 | F86: 6.6 | G86: 42.579291 | H86: 140.9744 | I86: OSM実測 | J86: 6 | K86: 6 | M86: 5 | N86: 0 | O86: 不可 #3 | P86: 有り | R86: =IF(COUNT($M86:$N86)=0,"",IF(AND(IF($N86<>"",$N86,$M86)<=0,$O86<>"可"),"警告","")) | S86: =IF(COUNT($M86:$N86)=0,0,IF(IF($N86<>"",$N86,$M86)>=スコアリング基準!$B$20,スコアリング基準!$C$20,IF(IF($N86<>"",$N86,$M86)>=スコアリング基準!$B$21,スコアリング基準!$C$21,IF(IF($N86<>"",$N86,$M86)>0,スコアリング基準!$C$22,0)))) | T86: =IF($O86="可",スコアリング基準!$C$23,0) | U86: =IF(OR(COUNT($K86:$L86)<2,$K86=0),0,IF(ABS($L86)/$K86<=スコアリング基準!$B$24,スコアリング基準!$C$24,IF(ABS($L86)/$K86<=スコアリング基準!$B$25,スコアリング基準!$C$25,IF(ABS($L86)/$K86<=スコアリング基準!$B$26,スコアリング基準!$C$26,0)))) | V86: =IF($P86="なし",スコアリング基準!$C$27,0) | W86: =IF($F86="",0,IF(ISNUMBER($F86),IF($F86<=スコアリング基準!$B$28,スコアリング基準!$C$28,スコアリング基準!$C$29),0)) | X86: =IFERROR(VLOOKUP($B86,スコアリング基準!$A$36:$B$46,2,FALSE),0) | Y86: =SUM($S86:$X86) | Z86: =IF(COUNT($M86:$N86)=0,"データ無",IF($Y86>=スコアリング基準!$B$30,"S",IF($Y86>=スコアリング基準!$B$31,"A",IF($Y86>=スコアリング基準!$B$32,"B","C")))) | AA86: =IFERROR(INDEX(実績DB!$I$3:$I$104,MATCH($B86&$C86,実績DB!$J$3:$J$104,0)),"")
A87: 85 | B87: 北海道 | C87: 二の坂変電所 | D87: 北海道 | E87: 66 | F87: 6.6 | G87: 43.54 | H87: 141.87 | I87: 推定 | J87: 16 | K87: 6 | M87: 1 | N87: 0 | O87: 不可 #3 | P87: 有り | R87: =IF(COUNT($M87:$N87)=0,"",IF(AND(IF($N87<>"",$N87,$M87)<=0,$O87<>"可"),"警告","")) | S87: =IF(COUNT($M87:$N87)=0,0,IF(IF($N87<>"",$N87,$M87)>=スコアリング基準!$B$20,スコアリング基準!$C$20,IF(IF($N87<>"",$N87,$M87)>=スコアリング基準!$B$21,スコアリング基準!$C$21,IF(IF($N87<>"",$N87,$M87)>0,スコアリング基準!$C$22,0)))) | T87: =IF($O87="可",スコアリング基準!$C$23,0) | U87: =IF(OR(COUNT($K87:$L87)<2,$K87=0),0,IF(ABS($L87)/$K87<=スコアリング基準!$B$24,スコアリング基準!$C$24,IF(ABS($L87)/$K87<=スコアリング基準!$B$25,スコアリング基準!$C$25,IF(ABS($L87)/$K87<=スコアリング基準!$B$26,スコアリング基準!$C$26,0)))) | V87: =IF($P87="なし",スコアリング基準!$C$27,0) | W87: =IF($F87="",0,IF(ISNUMBER($F87),IF($F87<=スコアリング基準!$B$28,スコアリング基準!$C$28,スコアリング基準!$C$29),0)) | X87: =IFERROR(VLOOKUP($B87,スコアリング基準!$A$36:$B$46,2,FALSE),0) | Y87: =SUM($S87:$X87) | Z87: =IF(COUNT($M87:$N87)=0,"データ無",IF($Y87>=スコアリング基準!$B$30,"S",IF($Y87>=スコアリング基準!$B$31,"A",IF($Y87>=スコアリング基準!$B$32,"B","C")))) | AA87: =IFERROR(INDEX(実績DB!$I$3:$I$104,MATCH($B87&$C87,実績DB!$J$3:$J$104,0)),"")
A88: 86 | B88: 北海道 | C88: 二十四軒変電所 | D88: 北海道 | E88: 66 | G88: 43.077414 | H88: 141.31526 | I88: OSM実測 | J88: 40 | K88: 20 | M88: 20 | N88: 20 | O88: 不可 #2 | P88: なし | R88: =IF(COUNT($M88:$N88)=0,"",IF(AND(IF($N88<>"",$N88,$M88)<=0,$O88<>"可"),"警告","")) | S88: =IF(COUNT($M88:$N88)=0,0,IF(IF($N88<>"",$N88,$M88)>=スコアリング基準!$B$20,スコアリング基準!$C$20,IF(IF($N88<>"",$N88,$M88)>=スコアリング基準!$B$21,スコアリング基準!$C$21,IF(IF($N88<>"",$N88,$M88)>0,スコアリング基準!$C$22,0)))) | T88: =IF($O88="可",スコアリング基準!$C$23,0) | U88: =IF(OR(COUNT($K88:$L88)<2,$K88=0),0,IF(ABS($L88)/$K88<=スコアリング基準!$B$24,スコアリング基準!$C$24,IF(ABS($L88)/$K88<=スコアリング基準!$B$25,スコアリング基準!$C$25,IF(ABS($L88)/$K88<=スコアリング基準!$B$26,スコアリング基準!$C$26,0)))) | V88: =IF($P88="なし",スコアリング基準!$C$27,0) | W88: =IF($F88="",0,IF(ISNUMBER($F88),IF($F88<=スコアリング基準!$B$28,スコアリング基準!$C$28,スコアリング基準!$C$29),0)) | X88: =IFERROR(VLOOKUP($B88,スコアリング基準!$A$36:$B$46,2,FALSE),0) | Y88: =SUM($S88:$X88) | Z88: =IF(COUNT($M88:$N88)=0,"データ無",IF($Y88>=スコアリング基準!$B$30,"S",IF($Y88>=スコアリング基準!$B$31,"A",IF($Y88>=スコアリング基準!$B$32,"B","C")))) | AA88: =IFERROR(INDEX(実績DB!$I$3:$I$104,MATCH($B88&$C88,実績DB!$J$3:$J$104,0)),"")
A89: 87 | B89: 北海道 | C89: 今金変電所 | D89: 北海道 | E89: 66 | F89: 6.6 | G89: 42.424906 | H89: 140.01003 | I89: OSM実測 | J89: 6 | K89: 6 | M89: 6 | N89: 0 | O89: 不可 #3 | P89: 有り | R89: =IF(COUNT($M89:$N89)=0,"",IF(AND(IF($N89<>"",$N89,$M89)<=0,$O89<>"可"),"警告","")) | S89: =IF(COUNT($M89:$N89)=0,0,IF(IF($N89<>"",$N89,$M89)>=スコアリング基準!$B$20,スコアリング基準!$C$20,IF(IF($N89<>"",$N89,$M89)>=スコアリング基準!$B$21,スコアリング基準!$C$21,IF(IF($N89<>"",$N89,$M89)>0,スコアリング基準!$C$22,0)))) | T89: =IF($O89="可",スコアリング基準!$C$23,0) | U89: =IF(OR(COUNT($K89:$L89)<2,$K89=0),0,IF(ABS($L89)/$K89<=スコアリング基準!$B$24,スコアリング基準!$C$24,IF(ABS($L89)/$K89<=スコアリング基準!$B$25,スコアリング基準!$C$25,IF(ABS($L89)/$K89<=スコアリング基準!$B$26,スコアリング基準!$C$26,0)))) | V89: =IF($P89="なし",スコアリング基準!$C$27,0) | W89: =IF($F89="",0,IF(ISNUMBER($F89),IF($F89<=スコアリング基準!$B$28,スコアリング基準!$C$28,スコアリング基準!$C$29),0)) | X89: =IFERROR(VLOOKUP($B89,スコアリング基準!$A$36:$B$46,2,FALSE),0) | Y89: =SUM($S89:$X89) | Z89: =IF(COUNT($M89:$N89)=0,"データ無",IF($Y89>=スコアリング基準!$B$30,"S",IF($Y89>=スコアリング基準!$B$31,"A",IF($Y89>=スコアリング基準!$B$32,"B","C")))) | AA89: =IFERROR(INDEX(実績DB!$I$3:$I$104,MATCH($B89&$C89,実績DB!$J$3:$J$104,0)),"")
A90: 88 | B90: 北海道 | C90: 伊達北黄金 変電所 | D90: 北海道 | E90: 66 | G90: 42.411829 | H90: 140.9428 | I90: OSM実測 | R90: =IF(COUNT($M90:$N90)=0,"",IF(AND(IF($N90<>"",$N90,$M90)<=0,$O90<>"可"),"警告","")) | S90: =IF(COUNT($M90:$N90)=0,0,IF(IF($N90<>"",$N90,$M90)>=スコアリング基準!$B$20,スコアリング基準!$C$20,IF(IF($N90<>"",$N90,$M90)>=スコアリング基準!$B$21,スコアリング基準!$C$21,IF(IF($N90<>"",$N90,$M90)>0,スコアリング基準!$C$22,0)))) | T90: =IF($O90="可",スコアリング基準!$C$23,0) | U90: =IF(OR(COUNT($K90:$L90)<2,$K90=0),0,IF(ABS($L90)/$K90<=スコアリング基準!$B$24,スコアリング基準!$C$24,IF(ABS($L90)/$K90<=スコアリング基準!$B$25,スコアリング基準!$C$25,IF(ABS($L90)/$K90<=スコアリング基準!$B$26,スコアリング基準!$C$26,0)))) | V90: =IF($P90="なし",スコアリング基準!$C$27,0) | W90: =IF($F90="",0,IF(ISNUMBER($F90),IF($F90<=スコアリング基準!$B$28,スコアリング基準!$C$28,スコアリング基準!$C$29),0)) | X90: =IFERROR(VLOOKUP($B90,スコアリング基準!$A$36:$B$46,2,FALSE),0) | Y90: =SUM($S90:$X90) | Z90: =IF(COUNT($M90:$N90)=0,"データ無",IF($Y90>=スコアリング基準!$B$30,"S",IF($Y90>=スコアリング基準!$B$31,"A",IF($Y90>=スコアリング基準!$B$32,"B","C")))) | AA90: =IFERROR(INDEX(実績DB!$I$3:$I$104,MATCH($B90&$C90,実績DB!$J$3:$J$104,0)),"")
A91: 89 | B91: 北海道 | C91: 伊達変電所 | D91: 北海道 | E91: 66 | F91: 6.6 | G91: 42.48499 | H91: 140.87613 | I91: OSM実測 | J91: 25 | K91: 10 | M91: 9 | N91: 0 | O91: 不可 #3 | P91: 有り | R91: =IF(COUNT($M91:$N91)=0,"",IF(AND(IF($N91<>"",$N91,$M91)<=0,$O91<>"可"),"警告","")) | S91: =IF(COUNT($M91:$N91)=0,0,IF(IF($N91<>"",$N91,$M91)>=スコアリング基準!$B$20,スコアリング基準!$C$20,IF(IF($N91<>"",$N91,$M91)>=スコアリング基準!$B$21,スコアリング基準!$C$21,IF(IF($N91<>"",$N91,$M91)>0,スコアリング基準!$C$22,0)))) | T91: =IF($O91="可",スコアリング基準!$C$23,0) | U91: =IF(OR(COUNT($K91:$L91)<2,$K91=0),0,IF(ABS($L91)/$K91<=スコアリング基準!$B$24,スコアリング基準!$C$24,IF(ABS($L91)/$K91<=スコアリング基準!$B$25,スコアリング基準!$C$25,IF(ABS($L91)/$K91<=スコアリング基準!$B$26,スコアリング基準!$C$26,0)))) | V91: =IF($P91="なし",スコアリング基準!$C$27,0) | W91: =IF($F91="",0,IF(ISNUMBER($F91),IF($F91<=スコアリング基準!$B$28,スコアリング基準!$C$28,スコアリング基準!$C$29),0)) | X91: =IFERROR(VLOOKUP($B91,スコアリング基準!$A$36:$B$46,2,FALSE),0) | Y91: =SUM($S91:$X91) | Z91: =IF(COUNT($M91:$N91)=0,"データ無",IF($Y91>=スコアリング基準!$B$30,"S",IF($Y91>=スコアリング基準!$B$31,"A",IF($Y91>=スコアリング基準!$B$32,"B","C")))) | AA91: =IFERROR(INDEX(実績DB!$I$3:$I$104,MATCH($B91&$C91,実績DB!$J$3:$J$104,0)),"")
A92: 90 | B92: 北海道 | C92: 佐呂間変電所 | D92: 北海道 | E92: 66 | F92: 6.6 | G92: 44.01158 | H92: 143.76592 | I92: OSM実測 | J92: 10 | K92: 10 | M92: 5 | N92: 0 | O92: 不可 #3 | P92: 有り | R92: =IF(COUNT($M92:$N92)=0,"",IF(AND(IF($N92<>"",$N92,$M92)<=0,$O92<>"可"),"警告","")) | S92: =IF(COUNT($M92:$N92)=0,0,IF(IF($N92<>"",$N92,$M92)>=スコアリング基準!$B$20,スコアリング基準!$C$20,IF(IF($N92<>"",$N92,$M92)>=スコアリング基準!$B$21,スコアリング基準!$C$21,IF(IF($N92<>"",$N92,$M92)>0,スコアリング基準!$C$22,0)))) | T92: =IF($O92="可",スコアリング基準!$C$23,0) | U92: =IF(OR(COUNT($K92:$L92)<2,$K92=0),0,IF(ABS($L92)/$K92<=スコアリング基準!$B$24,スコアリング基準!$C$24,IF(ABS($L92)/$K92<=スコアリング基準!$B$25,スコアリング基準!$C$25,IF(ABS($L92)/$K92<=スコアリング基準!$B$26,スコアリング基準!$C$26,0)))) | V92: =IF($P92="なし",スコアリング基準!$C$27,0) | W92: =IF($F92="",0,IF(ISNUMBER($F92),IF($F92<=スコアリング基準!$B$28,スコアリング基準!$C$28,スコアリング基準!$C$29),0)) | X92: =IFERROR(VLOOKUP($B92,スコアリング基準!$A$36:$B$46,2,FALSE),0) | Y92: =SUM($S92:$X92) | Z92: =IF(COUNT($M92:$N92)=0,"データ無",IF($Y92>=スコアリング基準!$B$30,"S",IF($Y92>=スコアリング基準!$B$31,"A",IF($Y92>=スコアリング基準!$B$32,"B","C")))) | AA92: =IFERROR(INDEX(実績DB!$I$3:$I$104,MATCH($B92&$C92,実績DB!$J$3:$J$104,0)),"")
A93: 91 | B93: 北海道 | C93: 余市 | D93: 北海道 | E93: 66 | G93: 43.190907 | H93: 140.80092 | I93: OSM実測 | R93: =IF(COUNT($M93:$N93)=0,"",IF(AND(IF($N93<>"",$N93,$M93)<=0,$O93<>"可"),"警告","")) | S93: =IF(COUNT($M93:$N93)=0,0,IF(IF($N93<>"",$N93,$M93)>=スコアリング基準!$B$20,スコアリング基準!$C$20,IF(IF($N93<>"",$N93,$M93)>=スコアリング基準!$B$21,スコアリング基準!$C$21,IF(IF($N93<>"",$N93,$M93)>0,スコアリング基準!$C$22,0)))) | T93: =IF($O93="可",スコアリング基準!$C$23,0) | U93: =IF(OR(COUNT($K93:$L93)<2,$K93=0),0,IF(ABS($L93)/$K93<=スコアリング基準!$B$24,スコアリング基準!$C$24,IF(ABS($L93)/$K93<=スコアリング基準!$B$25,スコアリング基準!$C$25,IF(ABS($L93)/$K93<=スコアリング基準!$B$26,スコアリング基準!$C$26,0)))) | V93: =IF($P93="なし",スコアリング基準!$C$27,0) | W93: =IF($F93="",0,IF(ISNUMBER($F93),IF($F93<=スコアリング基準!$B$28,スコアリング基準!$C$28,スコアリング基準!$C$29),0)) | X93: =IFERROR(VLOOKUP($B93,スコアリング基準!$A$36:$B$46,2,FALSE),0) | Y93: =SUM($S93:$X93) | Z93: =IF(COUNT($M93:$N93)=0,"データ無",IF($Y93>=スコアリング基準!$B$30,"S",IF($Y93>=スコアリング基準!$B$31,"A",IF($Y93>=スコアリング基準!$B$32,"B","C")))) | AA93: =IFERROR(INDEX(実績DB!$I$3:$I$104,MATCH($B93&$C93,実績DB!$J$3:$J$104,0)),"")
A94: 92 | B94: 北海道 | C94: 余市変電所 | D94: 北海道 | E94: 66 | F94: 6.6 | G94: 43.190907 | H94: 140.80092 | I94: OSM実測(名称一致) | J94: 30 | K94: 20 | M94: 9 | N94: 0 | O94: 不可 #3 | P94: 有り | R94: =IF(COUNT($M94:$N94)=0,"",IF(AND(IF($N94<>"",$N94,$M94)<=0,$O94<>"可"),"警告","")) | S94: =IF(COUNT($M94:$N94)=0,0,IF(IF($N94<>"",$N94,$M94)>=スコアリング基準!$B$20,スコアリング基準!$C$20,IF(IF($N94<>"",$N94,$M94)>=スコアリング基準!$B$21,スコアリング基準!$C$21,IF(IF($N94<>"",$N94,$M94)>0,スコアリング基準!$C$22,0)))) | T94: =IF($O94="可",スコアリング基準!$C$23,0) | U94: =IF(OR(COUNT($K94:$L94)<2,$K94=0),0,IF(ABS($L94)/$K94<=スコアリング基準!$B$24,スコアリング基準!$C$24,IF(ABS($L94)/$K94<=スコアリング基準!$B$25,スコアリング基準!$C$25,IF(ABS($L94)/$K94<=スコアリング基準!$B$26,スコアリング基準!$C$26,0)))) | V94: =IF($P94="なし",スコアリング基準!$C$27,0) | W94: =IF($F94="",0,IF(ISNUMBER($F94),IF($F94<=スコアリング基準!$B$28,スコアリング基準!$C$28,スコアリング基準!$C$29),0)) | X94: =IFERROR(VLOOKUP($B94,スコアリング基準!$A$36:$B$46,2,FALSE),0) | Y94: =SUM($S94:$X94) | Z94: =IF(COUNT($M94:$N94)=0,"データ無",IF($Y94>=スコアリング基準!$B$30,"S",IF($Y94>=スコアリング基準!$B$31,"A",IF($Y94>=スコアリング基準!$B$32,"B","C")))) | AA94: =IFERROR(INDEX(実績DB!$I$3:$I$104,MATCH($B94&$C94,実績DB!$J$3:$J$104,0)),"")
A95: 93 | B95: 北海道 | C95: 作開変電所 | D95: 北海道 | E95: 66 | F95: 33 | G95: 42.751965 | H95: 140.29621 | I95: OSM実測 | J95: 6 | K95: 6 | L95: -7 | O95: 不可 #2 | P95: 有り | R95: =IF(COUNT($M95:$N95)=0,"",IF(AND(IF($N95<>"",$N95,$M95)<=0,$O95<>"可"),"警告","")) | S95: =IF(COUNT($M95:$N95)=0,0,IF(IF($N95<>"",$N95,$M95)>=スコアリング基準!$B$20,スコアリング基準!$C$20,IF(IF($N95<>"",$N95,$M95)>=スコアリング基準!$B$21,スコアリング基準!$C$21,IF(IF($N95<>"",$N95,$M95)>0,スコアリング基準!$C$22,0)))) | T95: =IF($O95="可",スコアリング基準!$C$23,0) | U95: =IF(OR(COUNT($K95:$L95)<2,$K95=0),0,IF(ABS($L95)/$K95<=スコアリング基準!$B$24,スコアリング基準!$C$24,IF(ABS($L95)/$K95<=スコアリング基準!$B$25,スコアリング基準!$C$25,IF(ABS($L95)/$K95<=スコアリング基準!$B$26,スコアリング基準!$C$26,0)))) | V95: =IF($P95="なし",スコアリング基準!$C$27,0) | W95: =IF($F95="",0,IF(ISNUMBER($F95),IF($F95<=スコアリング基準!$B$28,スコアリング基準!$C$28,スコアリング基準!$C$29),0)) | X95: =IFERROR(VLOOKUP($B95,スコアリング基準!$A$36:$B$46,2,FALSE),0) | Y95: =SUM($S95:$X95) | Z95: =IF(COUNT($M95:$N95)=0,"データ無",IF($Y95>=スコアリング基準!$B$30,"S",IF($Y95>=スコアリング基準!$B$31,"A",IF($Y95>=スコアリング基準!$B$32,"B","C")))) | AA95: =IFERROR(INDEX(実績DB!$I$3:$I$104,MATCH($B95&$C95,実績DB!$J$3:$J$104,0)),"")
A96: 94 | B96: 北海道 | C96: 作開開閉器柱 | D96: 北海道 | E96: 66 | G96: 42.633888 | H96: 140.44984 | I96: OSM実測 | R96: =IF(COUNT($M96:$N96)=0,"",IF(AND(IF($N96<>"",$N96,$M96)<=0,$O96<>"可"),"警告","")) | S96: =IF(COUNT($M96:$N96)=0,0,IF(IF($N96<>"",$N96,$M96)>=スコアリング基準!$B$20,スコアリング基準!$C$20,IF(IF($N96<>"",$N96,$M96)>=スコアリング基準!$B$21,スコアリング基準!$C$21,IF(IF($N96<>"",$N96,$M96)>0,スコアリング基準!$C$22,0)))) | T96: =IF($O96="可",スコアリング基準!$C$23,0) | U96: =IF(OR(COUNT($K96:$L96)<2,$K96=0),0,IF(ABS($L96)/$K96<=スコアリング基準!$B$24,スコアリング基準!$C$24,IF(ABS($L96)/$K96<=スコアリング基準!$B$25,スコアリング基準!$C$25,IF(ABS($L96)/$K96<=スコアリング基準!$B$26,スコアリング基準!$C$26,0)))) | V96: =IF($P96="なし",スコアリング基準!$C$27,0) | W96: =IF($F96="",0,IF(ISNUMBER($F96),IF($F96<=スコアリング基準!$B$28,スコアリング基準!$C$28,スコアリング基準!$C$29),0)) | X96: =IFERROR(VLOOKUP($B96,スコアリング基準!$A$36:$B$46,2,FALSE),0) | Y96: =SUM($S96:$X96) | Z96: =IF(COUNT($M96:$N96)=0,"データ無",IF($Y96>=スコアリング基準!$B$30,"S",IF($Y96>=スコアリング基準!$B$31,"A",IF($Y96>=スコアリング基準!$B$32,"B","C")))) | AA96: =IFERROR(INDEX(実績DB!$I$3:$I$104,MATCH($B96&$C96,実績DB!$J$3:$J$104,0)),"")
A97: 95 | B97: 北海道 | C97: 倶知安変電所 | D97: 北海道 | E97: 66 | F97: 6.6 | G97: 42.897564 | H97: 140.74669 | I97: OSM実測 | J97: 27 | K97: 12 | M97: 6 | N97: 6 | O97: 不可 #3 | P97: なし | R97: =IF(COUNT($M97:$N97)=0,"",IF(AND(IF($N97<>"",$N97,$M97)<=0,$O97<>"可"),"警告","")) | S97: =IF(COUNT($M97:$N97)=0,0,IF(IF($N97<>"",$N97,$M97)>=スコアリング基準!$B$20,スコアリング基準!$C$20,IF(IF($N97<>"",$N97,$M97)>=スコアリング基準!$B$21,スコアリング基準!$C$21,IF(IF($N97<>"",$N97,$M97)>0,スコアリング基準!$C$22,0)))) | T97: =IF($O97="可",スコアリング基準!$C$23,0) | U97: =IF(OR(COUNT($K97:$L97)<2,$K97=0),0,IF(ABS($L97)/$K97<=スコアリング基準!$B$24,スコアリング基準!$C$24,IF(ABS($L97)/$K97<=スコアリング基準!$B$25,スコアリング基準!$C$25,IF(ABS($L97)/$K97<=スコアリング基準!$B$26,スコアリング基準!$C$26,0)))) | V97: =IF($P97="なし",スコアリング基準!$C$27,0) | W97: =IF($F97="",0,IF(ISNUMBER($F97),IF($F97<=スコアリング基準!$B$28,スコアリング基準!$C$28,スコアリング基準!$C$29),0)) | X97: =IFERROR(VLOOKUP($B97,スコアリング基準!$A$36:$B$46,2,FALSE),0) | Y97: =SUM($S97:$X97) | Z97: =IF(COUNT($M97:$N97)=0,"データ無",IF($Y97>=スコアリング基準!$B$30,"S",IF($Y97>=スコアリング基準!$B$31,"A",IF($Y97>=スコアリング基準!$B$32,"B","C")))) | AA97: =IFERROR(INDEX(実績DB!$I$3:$I$104,MATCH($B97&$C97,実績DB!$J$3:$J$104,0)),"")
A98: 96 | B98: 北海道 | C98: 八雲変電所 | D98: 北海道 | E98: 66 | F98: 33 | G98: 42.260098 | H98: 140.27319 | I98: OSM実測 | J98: 20 | K98: 20 | L98: -12 | O98: 不可 #2 | P98: 有り | R98: =IF(COUNT($M98:$N98)=0,"",IF(AND(IF($N98<>"",$N98,$M98)<=0,$O98<>"可"),"警告","")) | S98: =IF(COUNT($M98:$N98)=0,0,IF(IF($N98<>"",$N98,$M98)>=スコアリング基準!$B$20,スコアリング基準!$C$20,IF(IF($N98<>"",$N98,$M98)>=スコアリング基準!$B$21,スコアリング基準!$C$21,IF(IF($N98<>"",$N98,$M98)>0,スコアリング基準!$C$22,0)))) | T98: =IF($O98="可",スコアリング基準!$C$23,0) | U98: =IF(OR(COUNT($K98:$L98)<2,$K98=0),0,IF(ABS($L98)/$K98<=スコアリング基準!$B$24,スコアリング基準!$C$24,IF(ABS($L98)/$K98<=スコアリング基準!$B$25,スコアリング基準!$C$25,IF(ABS($L98)/$K98<=スコアリング基準!$B$26,スコアリング基準!$C$26,0)))) | V98: =IF($P98="なし",スコアリング基準!$C$27,0) | W98: =IF($F98="",0,IF(ISNUMBER($F98),IF($F98<=スコアリング基準!$B$28,スコアリング基準!$C$28,スコアリング基準!$C$29),0)) | X98: =IFERROR(VLOOKUP($B98,スコアリング基準!$A$36:$B$46,2,FALSE),0) | Y98: =SUM($S98:$X98) | Z98: =IF(COUNT($M98:$N98)=0,"データ無",IF($Y98>=スコアリング基準!$B$30,"S",IF($Y98>=スコアリング基準!$B$31,"A",IF($Y98>=スコアリング基準!$B$32,"B","C")))) | AA98: =IFERROR(INDEX(実績DB!$I$3:$I$104,MATCH($B98&$C98,実績DB!$J$3:$J$104,0)),"")
A99: 97 | B99: 北海道 | C99: 円山変電所 | D99: 北海道 | E99: 66 | F99: 6.6 | G99: 43.051181 | H99: 141.32881 | I99: OSM実測 | J99: 60 | K99: 40 | M99: 20 | N99: 20 | O99: 不可 #1 | P99: なし | R99: =IF(COUNT($M99:$N99)=0,"",IF(AND(IF($N99<>"",$N99,$M99)<=0,$O99<>"可"),"警告","")) | S99: =IF(COUNT($M99:$N99)=0,0,IF(IF($N99<>"",$N99,$M99)>=スコアリング基準!$B$20,スコアリング基準!$C$20,IF(IF($N99<>"",$N99,$M99)>=スコアリング基準!$B$21,スコアリング基準!$C$21,IF(IF($N99<>"",$N99,$M99)>0,スコアリング基準!$C$22,0)))) | T99: =IF($O99="可",スコアリング基準!$C$23,0) | U99: =IF(OR(COUNT($K99:$L99)<2,$K99=0),0,IF(ABS($L99)/$K99<=スコアリング基準!$B$24,スコアリング基準!$C$24,IF(ABS($L99)/$K99<=スコアリング基準!$B$25,スコアリング基準!$C$25,IF(ABS($L99)/$K99<=スコアリング基準!$B$26,スコアリング基準!$C$26,0)))) | V99: =IF($P99="なし",スコアリング基準!$C$27,0) | W99: =IF($F99="",0,IF(ISNUMBER($F99),IF($F99<=スコアリング基準!$B$28,スコアリング基準!$C$28,スコアリング基準!$C$29),0)) | X99: =IFERROR(VLOOKUP($B99,スコアリング基準!$A$36:$B$46,2,FALSE),0) | Y99: =SUM($S99:$X99) | Z99: =IF(COUNT($M99:$N99)=0,"データ無",IF($Y99>=スコアリング基準!$B$30,"S",IF($Y99>=スコアリング基準!$B$31,"A",IF($Y99>=スコアリング基準!$B$32,"B","C")))) | AA99: =IFERROR(INDEX(実績DB!$I$3:$I$104,MATCH($B99&$C99,実績DB!$J$3:$J$104,0)),"")
A100: 98 | B100: 北海道 | C100: 函館変電所 | D100: 北海道 | E100: 66 | F100: 6.6 | G100: 41.801116 | H100: 140.74666 | I100: OSM実測(名称一致) | J100: 50 | K100: 30 | M100: 15 | N100: 0 | O100: 不可 #3 | P100: 有り | R100: =IF(COUNT($M100:$N100)=0,"",IF(AND(IF($N100<>"",$N100,$M100)<=0,$O100<>"可"),"警告","")) | S100: =IF(COUNT($M100:$N100)=0,0,IF(IF($N100<>"",$N100,$M100)>=スコアリング基準!$B$20,スコアリング基準!$C$20,IF(IF($N100<>"",$N100,$M100)>=スコアリング基準!$B$21,スコアリング基準!$C$21,IF(IF($N100<>"",$N100,$M100)>0,スコアリング基準!$C$22,0)))) | T100: =IF($O100="可",スコアリング基準!$C$23,0) | U100: =IF(OR(COUNT($K100:$L100)<2,$K100=0),0,IF(ABS($L100)/$K100<=スコアリング基準!$B$24,スコアリング基準!$C$24,IF(ABS($L100)/$K100<=スコアリング基準!$B$25,スコアリング基準!$C$25,IF(ABS($L100)/$K100<=スコアリング基準!$B$26,スコアリング基準!$C$26,0)))) | V100: =IF($P100="なし",スコアリング基準!$C$27,0) | W100: =IF($F100="",0,IF(ISNUMBER($F100),IF($F100<=スコアリング基準!$B$28,スコアリング基準!$C$28,スコアリング基準!$C$29),0)) | X100: =IFERROR(VLOOKUP($B100,スコアリング基準!$A$36:$B$46,2,FALSE),0) | Y100: =SUM($S100:$X100) | Z100: =IF(COUNT($M100:$N100)=0,"データ無",IF($Y100>=スコアリング基準!$B$30,"S",IF($Y100>=スコアリング基準!$B$31,"A",IF($Y100>=スコアリング基準!$B$32,"B","C")))) | AA100: =IFERROR(INDEX(実績DB!$I$3:$I$104,MATCH($B100&$C100,実績DB!$J$3:$J$104,0)),"")
...

Sheet スコアリング基準
A1: 変電所スコアリング基準（系統用蓄電池・高圧2MW前提）v1
A2: 作成: 2026-07-28 ｜ 接続検討の実回答12件の分析から逆算した配点で「接続検討を申し込む価値」を点数化する（実績DBは19件・2026-08-06更新。配点は19件ベースの分析でも変更なしを確認）
A4: 変数・配点定義（実績12件で校正）
A5: 記号 | B5: 変数 | C5: 配点 | D5: 閾値・ルール | E5: 根拠(実績)
A6: G1 | B6: ゲート: 上位系0（警告） | C6: 警告 | D6: 空容量(上位系考慮)≦0 かつ N-1電制≠可 → ⚠警告（ランクは通常算出。S1=0でB以下） | E6: 喜多方: 上位系増強で工期10年2ヶ月／由仁: 上位系0でも410万・6ヶ月で連系（2026-10-20に除外→警告）
A7: G2 | B7: ゲート: 募集プロセス/増強エリア | C7: 除外(手動) | D7: 各社公表資料で該当時に手動除外 | E7: 高額・長納期化リスク
A8: S1 | B8: 空容量(上位系考慮) | C8: 35 | D8: ≧20MW(2MWの10倍):35 / ≧6MW:28 / >0:15 / ≦0:0 | E8: 最重要。上位系増強の回避確率
A9: S2 | B9: N-1電制 可否 | C9: 10 | D9: 可:10 / それ以外:0 | E9: 空容量ゼロでも接続余地
A10: S3 | B10: 予想潮流の余裕(|潮流|/運用容量) | C10: 15 | D10: ≦30%:15 / ≦60%:9 / ≦90%:4 / >90%:0 | E10: 混雑度=出力制御・増強リスク
A11: S4 | B11: 出力制御可能性 | C11: 5 | D11: なし:5 / 有り:0 | E11: 収益影響(九州で頻発)
A12: S5 | B12: 配電用変電所か(二次電圧) | C12: 10 | D12: 二次≦7kV(6.6/6.0):10 / その他数値:5 / 不明:0 | E12: 高圧2MW連系の受け皿
A13: S6 | B13: エリア | C13: 5 | D13: エリア点表参照 | E13: 実績工期のエリア差(九州3ヶ月〜中部24ヶ月)
A14: 合計 | B14: 系統スコア | C14: 80 | D14: S1+S2+S3+S4+S5+S6
A15: S7 | B15: (土地確定後)変電所・既設配電線への近接 | C15: 20 | D15: ≦500m:20 / ≦1km:15 / ≦2km:10 / ≦5km:4 / 超:0 | E15: 負担金≒400万+0.8〜1.0万円/m×新設延長
B16: 実績補正 | C16: ± | D16: 実績DBに同一変電所があれば優先参照(実績メモ列) | E16: 王子SS(バンク対策済み)=神崎920万/3ヶ月 等
A18: 配点パラメータ（黄色セルを変更するとスコアが自動再計算されます）
A19: 項目 | B19: 閾値 | C19: 点数
A20: S1: 空容量 ≧(MW) で35点 | B20: 20 | C20: 35
A21: S1: 空容量 ≧(MW) で28点 | B21: 6 | C21: 28
A22: S1: 空容量 >0 で15点 | C22: 15
A23: S2: N-1電制「可」 | C23: 10
A24: S3: |潮流|/運用容量 ≦ で15点 | B24: 0.3 | C24: 15
A25: S3: |潮流|/運用容量 ≦ で9点 | B25: 0.6 | C25: 9
A26: S3: |潮流|/運用容量 ≦ で4点 | B26: 0.9 | C26: 4
A27: S4: 出力制御「なし」 | C27: 5
A28: S5: 二次電圧 ≦(kV) で10点 | B28: 7 | C28: 10
A29: S5: 二次電圧 その他数値 | C29: 5
A30: ランクS: 系統スコア ≧ | B30: 60
A31: ランクA: 系統スコア ≧ | B31: 48
A32: ランクB: 系統スコア ≧ | B32: 36
A34: S6 エリア点（実績工期・出力制御環境からの仮置き。実績追加で更新）
A35: エリア | B35: 点数 | C35: 根拠(実績)
A36: 北海道 | B36: 5 | C36: 由仁町: 計量のみ410万・6ヶ月
A37: 東北 | B37: 4 | C37: 喜多方: 配電のみなら7ヶ月
A38: 東京 | B38: 4 | C38: 需要地・配変多い(実績は特高のみ)
A39: 中部 | B39: 2 | C39: 関市18ヶ月・野尻24ヶ月と増強系が遅い
A40: 北陸 | B40: 3 | C40: 実績なし・中位仮置き
A41: 関西 | B41: 3 | C41: 白浜: 12ヶ月
A42: 中国 | B42: 3 | C42: 実績未読(PW付)・中位仮置き
A43: 四国 | B43: 3 | C43: 実績なし・中位仮置き
A44: 九州 | B44: 5 | C44: 神崎3ヶ月・出力制御は多め
A45: 沖縄 | B45: 2 | C45: 市場環境考慮・仮置き
A46: J-POWER | B46: 0 | C46: 対象外
A48: ランク集計（スコアリングタブに連動）
A49: ランク | B49: 件数 | C49: 定義
A50: S | B50: =COUNTIF(スコアリング!$Z$3:$Z$6073,"S") | C50: 60点以上（最優先で周辺の土地を探す）
A51: A | B51: =COUNTIF(スコアリング!$Z$3:$Z$6073,"A") | C51: 48〜59点（優先候補）
A52: B | B52: =COUNTIF(スコアリング!$Z$3:$Z$6073,"B") | C52: 36〜47点
A53: C | B53: =COUNTIF(スコアリング!$Z$3:$Z$6073,"C") | C53: 35点以下
A54: データ無 | B54: =COUNTIF(スコアリング!$Z$3:$Z$6073,"データ無") | C54: 空容量未公表(OSMのみ等)。スコア比較不能
A55: 警告 | B55: =COUNTIF(スコアリング!$R$3:$R$6073,"警告") | C55: ゲート該当（空容量≦0 かつ N-1電制≠可）。ランクは通常算出（S1=0でB以下）。上位系の混雑・増強リスクに注意
A58: 前提・注意
A59: スコアリング v1 2026-07-28（接続検討の実回答12件の分析から逆算した配点）に準拠。
A60: 使い方: ランク S/A の変電所を優先し、その周辺（目安2km以内・既設高圧配電線の近く）で土地を探す→接続検討を申込む。
A61: 系統スコアは80点満点。土地確定後に近接性S7(20点)を加えて100点満点で最終評価する。
A62: 負担金の事前推定式(実績回帰・2026-08-06更新): 推定負担金(万円) ≒ 固定費200〜400 + 高圧線新設・張替延長(m)×0.7〜1.0 + SVC/SVR台数×500〜 + バンク逆潮流対策500〜1,000。
A63: 工期目安: 九州は計量・張替のみ3-6ヶ月 / 中部は最軽微工事でも18ヶ月・増強系18-26ヶ月 / SVC込16-17ヶ月 / 特高・上位系増強は2〜10年。
A64: 接続検討→契約申込で +10〜15%・+半年 の増額リスクあり(宇佐蜷木実績・2026-08-06更新)。
A65: 公表空容量は特高側評価。高圧連系の最終確定は接続検討のみ。バンク・配電線の空きは実績DBタブで補正すること。
A66: 【前提】S1・ゲートの空容量は「上位系考慮」を優先し、単一値のみ公表のエリア(北陸・中部・沖縄等)は「当該設備」で代用する。
A67: 【前提】ランク「データ無」= 空容量が両列とも未公表(OSMのみ等)。ゲート該当行（上位系0かつN-1不可）は「⚠上位系0」の警告を付けて通常どおりランク付けする（2026-10-20までは「除外」として非表示）。
A68: 【前提】S4は出力制御が「なし」(完全一致)の場合のみ加点。「有り」「あり」表記ゆれ・不明は0点。
A69: 【参考】外部DB: 蓄電所ネット「系統連系診断」(https://bess-net.jp/tools/grid-connection-check) は10社8,346変電所の公表データで連系候補Top5を出す無料ツール(2026-10-12更新)。空容量は当該設備ベースで上位系のゲートが無いため本ツールより甘く出る(例: 旭川中央は上位系考慮0MW・N-1不可でも55点)。クロスチェック用に使い、採否は本ツールの上位系考慮と接続検討で判断する。

Sheet 実績DB
A1: 接続検討回答 実績102件（手入力18件: 2026-08-06更新／残り84件: 接続検討回答 検証一覧から取込・AI読取値のため要原本確認）
A2: エリア | B2: 変電所名(リスト表記) | C2: 案件 | D2: 出力 | E2: 負担金 | F2: 連系工期 | G2: 主な対策工事 | H2: 教訓・律速 | I2: 要約(スコア表参照用・同じ変電所の回答はまとめて表示) | J2: キー(自動)
A3: 九州 | B3: 笠之原変電所 | C3: 鹿屋市上小原 | D3: 1,999kW | E3: 約6,140万円(付箋値・要確認) | F3: 入金後1年4ヶ月 | G3: 張替1,405m+SVC | H3: 細線・SVC発動で高額長期 | I3: 負担金約6,140万・1年4ヶ月(張替1.4km+SVC) | J3: =A3&TRIM(B3)
A4: 北海道 | B4: 由仁変電所 | C4: 由仁町川端(1135) | D4: 1,999kW | E4: 410万円 | F4: 入金後6ヶ月 | G4: 計量設備のみ | H4: 空容量潤沢なら最安最速 | I4: 負担金410万・6ヶ月(計量のみ) | J4: =A4&TRIM(B4)
A5: 九州 | B5: 王子変電所 | C5: 大分市神崎(東盛) | D5: 高圧 | E5: 920万円 | F5: 入金後3ヶ月 | G5: 張替1,006m+PGB | H5: バンク逆潮流対策済みは別格 | I5: 負担金920万・3ヶ月(バンク対策済み) | J5: =A5&TRIM(B5)
A6: 九州 | B6: 久山変電所 | C6: 福岡県久山町(KMP) | D6: 高圧 | E6: 1,630万円(税抜) | F6: 入金後1年5ヶ月 | G6: SVC300kvar+張替16m | H6: 細線(177A)でSVC発動 | I6: 負担金1,630万・1年5ヶ月(SVC) | J6: =A6&TRIM(B6)
A7: 東北 | B7: －(須賀川上位系) | C7: 喜多方市松山(PX No071) | D7: 高圧 | E7: 特定負担は僅少 | F7: 配電7ヶ月/上位系10年2ヶ月 | G7: SVR5000kVA+須賀川MT取替 | H7: 上位系増強=時間で死ぬ | I7: 上位系増強で10年2ヶ月(ゲート根拠) | J7: =A7&TRIM(B7)
A8: 中部 | B8: 小屋名変電所 | C8: 関市小屋名(B646G) | D8: 高圧 | E8: 620万円+保証金31万 | F8: 入金後18ヶ月 | G8: 配電線増強 | H8: 中部の増強系は遅い | I8: 負担金620万・18ヶ月(増強) | J8: =A8&TRIM(B8)
A9: 中部 | B9: 柏原変電所 | C9: 信濃町柏原2390-1 | D9: 高圧 | E9: 850万円+保証金42.5万 | F9: 入金後6ヶ月 | G9: 新設48m+引込105m | H9: 軽微工事なら中部でも速い | I9: 850万・6ヶ月(新設48m)/同F21野尻は1,782万・24ヶ月 ／ (同上メモ参照) | J9: =A9&TRIM(B9)
A10: 中部 | B10: 柏原変電所 | C10: 信濃町野尻(契約申込=確定) | D10: 1,998kW | E10: 1,782万円(税抜) | F10: 入金後24ヶ月 | G10: 電柱5本+新設1,842m+SVR取替 | H10: 新設km級は高額長期 | I10: 850万・6ヶ月(新設48m)/同F21野尻は1,782万・24ヶ月 ／ (同上メモ参照) | J10: =A10&TRIM(B10)
A11: 東京 | B11: －(西毛線) | C11: 高崎市吉井町(特高参考) | D11: 特高 | E11: 4.64億円+保証金2,551万 | F11: 入金後26ヶ月(受付後73ヶ月) | G11: 送電線新設+2回線張替 | H11: 特高は桁違い | I11: 特高参考: 4.64億・6年 | J11: =A11&TRIM(B11)
A12: 関西 | B12: －(田辺管内) | C12: 白浜町才野1339-1 | D12: 1,999kW | E12: 約3,700〜3,900万円 | F12: 入金後12ヶ月 | G12: 高圧線新設4,701m+SVR2台 | H12: 遠距離新設の典型NG | I12: 3,700万・12ヶ月(新設4.7km) | J12: =A12&TRIM(B12)
A13: 九州 | B13: －(野原宇佐線) | C13: 宇佐市蜷木(1486) | D13: 高圧 | E13: 2.465億円→契約時点2.704億円(税抜) | F13: 入金後2年3ヶ月→2年10ヶ月(契約時No24595) | G13: 66kV鉄塔・アクセス送電線新設 | H13: 66kV側対策で億超え | I13: 2.5億・2年3ヶ月(66kV側対策) | J13: =A13&TRIM(B13)
A14: 九州 | B14: －(西佐世保相浦線) | C14: 伊万里市東山代町東大久保(特高参考) | D14: 特高40,232kW | E14: 2.68億円(税込・税抜2.43億) | F14: 入金後3年2ヶ月 | G14: アクセス線新設0.1km+鉄塔建替2基+張替0.9km×2回線+転送遮断装置3面 | H14: 特高40MW級は短距離でも2.5億・3年級 | I14: 特高参考: 2.68億・3年2ヶ月(九電回答2026/7/14) | J14: =A14&TRIM(B14)
... A104: 中国 | B104: －(大崎変電所（配電用）) | C104: 大崎上島町中野3462-1他（広島県）_高圧蓄電所 | D104: 1,998kW | E104: 760万円(税込) | F104: 入金後11ヶ月 | G104: 電柱新設4本・建替8本、高圧線新設247m・張替等568m、高圧引込線33m(SN-ACSR-OC200mm2 送電容量455A)、計測機能付開閉器1台、計量… | H104: 運開希望日に間に合わず / 工期と別にバンク/上位系対策待ち／上位系: あり: 110kV竹原火力・竹原呉線のN-1充電停止装置（過負荷保護装置）設置（工事費の一部を負担）、110kV竹原火…（AI読取・信頼度medium・要原本確認） | I104: 接続検討回答: 760万円・11ヶ月(2026-09-17) 運開希望日に間に合わず / 工期と別にバンク/上位系対策待ち | J104: =A104&TRIM(B104)
A106: ■分析メモ(2026-08-06追記・19件ベース)
A107: ①工期は「エリア×工事種別」で決まる: 九州は張替のみなら3〜6ヶ月(神崎3ヶ月・上鏡6ヶ月)。中部は最軽微(新設150mだけ)でも18ヶ月と標準工程が長い。S6エリア点(九州5・中部2)は実績と整合しており変更不要
A108: ②負担金は工事量に比例: 198万(新設150m)→1,170万(張替1.2km)→2,536万(新設373m+張替735m+SVR+バンク対策)→3,246万(新設617m+張替1km+SVR2台)。推定式は「固定費200〜400万+延長(m)×0.7〜1.0万+SVR/SVC×500万+バンク対策500〜1,000万」に更新余地
A109: ③契約段階の増額リスク: 宇佐蜷木は接続検討→契約申込で負担金+2,400万(+10%)・工期+7ヶ月。接続検討回答値には+10〜15%・+半年のバッファを見る
A110: ④特高は4件(吉井4.64億/伊万里2.68億/南関1.69億/伊勢9.23億)で負担金・工期(26〜73ヶ月)とも桁違い。高圧2MW戦略の正しさを再確認。ただし南関のように共同按分が効くと1.7億まで下がる例あり
A111: ⑤上位系統対策の有無が時間の分水嶺: 上鏡は「上位系統対策なし」で6ヶ月。喜多方(上位系10年)との対比でゲート足切りの妥当性を再確認
A112: ⑥バンク逆潮流対策は2例目(藤枝2,536万)。対策済み変電所(神崎920万)との差≒約1,000万強=対策費。対策済みバンクの再利用価値大。残課題: 東電JK2件・PW付PDF2件(東広島・山口)・鹿屋原本確認
